date,id
12/1/16 11:22,408
12/1/16 11:17,233
12/1/16 11:18,1398
12/1/16 11:19,1036
12/1/16 11:39,1433
12/1/16 11:44,904
12/1/16 11:54,1360
12/1/16 12:00,1078
12/1/16 12:20,851
12/1/16 12:33,1495
12/1/16 12:54,1385
12/1/16 13:18,1404
12/1/16 13:18,1496
12/1/16 13:25,1464
12/1/16 13:46,1415
12/1/16 13:47,1353
12/1/16 13:49,784
12/1/16 13:53,1316
12/1/16 13:53,1279
12/1/16 14:05,514
12/1/16 14:16,183
12/1/16 14:16,1401
12/1/16 14:17,54
12/1/16 14:23,1033
12/1/16 14:32,1029
12/1/16 14:34,749
12/1/16 15:17,503
12/1/16 15:18,64
12/1/16 15:18,1473
12/1/16 15:18,1341
12/1/16 15:37,319
12/1/16 15:37,56
12/1/16 15:38,1469
12/1/16 15:40,1006
12/1/16 15:41,1186
12/1/16 15:42,440
12/1/16 15:43,746
12/1/16 15:52,306
12/1/16 16:17,1191
12/1/16 16:37,1509
12/1/16 17:04,1255
12/1/16 17:04,1395
12/1/16 17:18,1382
12/1/16 17:19,372
12/1/16 17:23,1311
12/1/16 17:23,680
12/1/16 17:39,1262
12/1/16 17:51,256
12/1/16 17:55,1486
12/1/16 17:59,1089
12/1/16 18:04,1531
12/1/16 18:13,1435
12/1/16 19:11,44
12/1/16 19:39,848
12/1/16 20:03,580
12/2/16 10:10,459
12/2/16 10:20,956
12/2/16 10:20,1246
12/2/16 10:20,1115
12/2/16 10:23,1387
12/2/16 10:23,1358
12/2/16 10:23,560
12/2/16 10:24,1491
12/2/16 10:25,1321
12/2/16 10:25,1296
12/2/16 10:25,1313
12/2/16 10:29,589
12/2/16 10:29,107
12/2/16 10:34,1065
12/2/16 10:34,910
12/2/16 10:35,1222
12/2/16 10:40,559
12/2/16 10:53,855
12/2/16 10:53,258
12/2/16 10:54,1458
12/2/16 10:54,518
12/2/16 10:56,848
12/2/16 10:57,1102
12/2/16 10:59,874
12/2/16 10:59,1046
12/2/16 11:00,865
12/2/16 11:03,1413
12/2/16 11:07,1031
12/2/16 11:08,821
12/2/16 11:12,1398
12/2/16 11:16,662
12/2/16 11:18,662
12/2/16 11:18,5
12/2/16 11:19,654
12/2/16 11:21,233
12/2/16 11:24,1431
12/2/16 11:25,1507
12/2/16 11:25,1264
12/2/16 11:29,1367
12/2/16 11:30,1265
12/2/16 11:30,1419
12/2/16 11:32,253
12/2/16 11:35,932
12/2/16 11:36,1483
12/2/16 11:39,1289
12/2/16 11:40,1342
12/2/16 11:41,1242
12/2/16 11:42,838
12/2/16 11:45,342
12/2/16 11:46,1392
12/2/16 11:51,400
12/2/16 11:51,1490
12/2/16 11:52,118
12/2/16 11:54,439
12/2/16 11:55,1038
12/2/16 12:00,1502
12/2/16 12:01,777
12/2/16 12:03,878
12/2/16 12:06,923
12/2/16 12:08,1181
12/2/16 12:10,1490
12/2/16 12:12,1425
12/2/16 12:14,1006
12/14/16 9:41,1006
12/14/16 9:41,25
12/2/16 12:20,894
12/2/16 12:21,1448
12/2/16 12:24,64
12/2/16 12:26,1466
12/2/16 12:28,442
12/2/16 12:29,1385
12/2/16 12:31,1033
12/2/16 12:38,715
12/2/16 12:40,1473
12/2/16 12:41,828
12/2/16 12:42,755
12/2/16 12:48,1082
12/2/16 12:52,857
12/2/16 12:59,240
12/2/16 13:04,870
12/2/16 13:06,610
12/2/16 13:06,570
12/2/16 13:08,1099
12/2/16 13:08,918
12/2/16 13:09,933
12/2/16 13:09,966
12/2/16 13:10,1139
12/2/16 13:10,1180
12/2/16 13:11,308
12/2/16 13:13,514
12/2/16 13:14,953
12/2/16 13:15,286
12/2/16 13:16,1461
12/2/16 13:17,1078
12/2/16 13:18,602
12/2/16 13:19,313
12/2/16 13:26,1417
12/2/16 13:27,262
12/2/16 13:27,55
12/2/16 13:30,72
12/2/16 13:31,262
12/2/16 13:33,1528
12/2/16 13:34,1220
12/2/16 13:35,629
12/2/16 13:35,446
12/2/16 13:39,998
12/2/16 13:41,382
12/2/16 13:44,192
12/2/16 13:45,989
12/2/16 13:45,1272
12/2/16 13:49,1009
12/2/16 13:50,1523
12/2/16 13:50,1388
12/2/16 13:51,1256
12/2/16 13:52,533
12/2/16 13:52,717
12/2/16 13:53,1100
12/2/16 13:55,533
12/2/16 13:55,717
12/2/16 13:57,428
12/2/16 13:57,1467
12/2/16 14:00,1433
12/2/16 14:01,1286
12/2/16 14:04,512
12/2/16 14:06,183
12/2/16 14:08,824
12/2/16 14:09,1409
12/2/16 14:10,767
12/2/16 14:11,580
12/2/16 14:12,146
12/2/16 14:13,735
12/2/16 14:14,1347
12/2/16 14:15,778
12/2/16 14:15,429
12/2/16 14:19,1456
12/2/16 14:22,1140
12/2/16 14:26,284
12/2/16 14:30,1291
12/2/16 14:31,1112
12/2/16 14:32,1095
12/2/16 14:33,1429
12/2/16 14:38,1391
12/2/16 14:40,1205
12/2/16 14:40,1382
12/2/16 14:41,1250
12/2/16 14:42,89
12/2/16 14:43,468
12/2/16 14:48,1252
12/2/16 14:56,1339
12/2/16 14:57,1271
12/2/16 15:00,1023
12/2/16 15:03,1505
12/2/16 15:05,861
12/2/16 15:07,1370
12/2/16 15:14,372
12/2/16 15:15,899
12/2/16 15:15,1030
12/2/16 15:15,561
12/2/16 15:15,298
12/2/16 15:15,1176
12/2/16 15:15,316
12/2/16 15:15,1128
12/2/16 15:15,651
12/2/16 15:15,498
12/2/16 15:15,224
12/2/16 15:15,1377
12/2/16 15:15,1063
12/2/16 15:15,1498
12/2/16 15:15,1310
12/2/16 15:15,1311
12/2/16 15:15,36
12/2/16 15:15,1316
12/2/16 15:44,1245
12/2/16 15:47,1380
12/2/16 15:47,802
12/2/16 15:49,1029
12/2/16 16:03,1117
12/2/16 16:03,1325
12/2/16 16:04,1020
12/2/16 16:04,392
12/2/16 16:06,1309
12/2/16 16:08,1352
12/2/16 16:10,1412
12/2/16 16:10,593
12/2/16 16:10,893
12/2/16 16:10,1079
12/2/16 16:11,1277
12/2/16 16:14,101
12/2/16 16:15,1247
12/2/16 16:16,724
12/2/16 16:16,1049
12/2/16 16:17,1531
12/2/16 16:17,1531
12/2/16 16:18,1019
12/2/16 16:19,1108
12/2/16 16:19,891
12/2/16 16:21,1203
12/2/16 16:23,1495
12/2/16 16:24,1390
12/2/16 16:26,487
12/2/16 16:27,280
12/2/16 16:32,1356
12/2/16 16:32,461
12/2/16 16:39,503
12/2/16 16:58,456
12/2/16 17:07,1449
12/2/16 17:12,679
12/2/16 17:13,777
12/2/16 17:18,714
12/2/16 18:13,696
12/5/16 10:23,1083
12/5/16 10:24,896
12/5/16 10:26,1038
12/5/16 10:30,1442
12/5/16 10:39,260
12/5/16 10:40,118
12/5/16 10:56,442
12/5/16 11:02,531
12/5/16 11:13,937
12/5/16 11:13,1168
12/5/16 11:26,1393
12/5/16 11:27,1451
12/5/16 11:30,1020
12/5/16 11:32,392
12/5/16 11:34,1417
12/5/16 11:39,1348
12/5/16 11:49,1250
12/5/16 11:57,1456
12/5/16 11:58,913
12/5/16 12:06,1270
12/5/16 12:06,549
12/5/16 12:09,981
12/5/16 12:16,159
12/5/16 12:20,876
12/5/16 12:24,84
12/5/16 12:29,514
12/5/16 12:31,1525
12/5/16 12:36,1324
12/5/16 12:39,571
12/5/16 12:51,521
12/5/16 12:55,646
12/5/16 12:56,1300
12/5/16 13:02,1180
12/5/16 13:05,308
12/5/16 13:07,1499
12/5/16 13:14,1086
12/5/16 13:16,372
12/5/16 13:22,1395
12/5/16 13:24,1283
12/5/16 13:36,1449
12/5/16 13:46,408
12/5/16 13:47,1336
12/5/16 13:52,596
12/5/16 13:53,375
12/5/16 13:55,600
12/5/16 14:08,503
12/5/16 14:12,75
12/5/16 14:13,749
12/5/16 14:13,1373
12/5/16 14:13,91
12/5/16 14:37,557
12/5/16 14:37,1111
12/5/16 14:39,1017
12/5/16 14:43,754
12/5/16 14:44,360
12/5/16 14:46,53
12/5/16 14:50,578
12/5/16 14:51,1017
12/5/16 14:55,1505
12/5/16 15:01,378
12/5/16 15:03,1532
12/5/16 15:10,1469
12/5/16 15:10,36
12/5/16 15:21,1477
12/5/16 15:27,1280
12/5/16 15:34,580
12/5/16 15:38,1436
12/5/16 15:41,118
12/5/16 15:43,561
12/5/16 15:44,570
12/5/16 15:49,321
12/6/16 10:05,89
12/6/16 10:50,231
12/6/16 11:00,118
12/6/16 11:09,234
12/6/16 11:09,566
12/6/16 11:09,1438
12/6/16 11:16,1197
12/6/16 11:53,498
12/6/16 12:02,442
12/6/16 12:09,1115
12/6/16 12:15,311
12/6/16 12:17,1054
12/6/16 12:19,878
12/6/16 12:20,1305
12/6/16 12:20,286
12/6/16 12:33,1461
12/6/16 12:43,358
12/6/16 12:45,55
12/6/16 12:53,828
12/6/16 13:04,293
12/6/16 13:08,916
12/6/16 13:13,947
12/6/16 13:14,97
12/6/16 13:15,108
12/6/16 13:19,1502
12/6/16 13:25,1360
12/6/16 13:28,1008
12/6/16 13:28,926
12/6/16 13:29,1045
12/6/16 13:42,336
12/6/16 13:43,1120
12/6/16 13:54,880
12/6/16 13:57,237
12/6/16 14:00,1374
12/6/16 14:01,382
12/6/16 14:03,1385
12/6/16 14:07,319
12/6/16 14:08,1356
12/6/16 14:10,779
12/6/16 14:14,663
12/6/16 14:24,648
12/6/16 14:37,1330
12/6/16 14:41,706
12/6/16 14:43,74
12/6/16 14:45,1486
12/6/16 14:47,1195
12/6/16 14:47,1153
12/6/16 14:52,1452
12/6/16 14:52,1191
12/6/16 15:14,1380
12/6/16 15:16,1377
12/6/16 15:24,1301
12/6/16 15:28,291
12/6/16 15:36,160
12/6/16 15:44,829
12/6/16 16:07,1404
12/7/16 10:21,1424
12/7/16 10:21,1371
12/7/16 10:44,1010
12/7/16 10:53,471
12/7/16 11:09,1382
12/7/16 11:12,821
12/7/16 11:21,1000
12/7/16 11:41,1165
12/7/16 12:03,237
12/7/16 12:15,1044
12/7/16 12:29,1023
12/7/16 12:39,1435
12/7/16 12:39,279
12/7/16 13:11,1447
12/7/16 13:12,751
12/7/16 13:27,107
12/7/16 13:35,998
12/7/16 13:44,576
12/7/16 13:45,940
12/7/16 13:50,1112
12/7/16 13:53,1218
12/7/16 14:51,1275
12/7/16 14:52,117
12/7/16 15:16,843
12/7/16 15:28,843
12/7/16 15:28,1238
12/7/16 16:04,284
12/7/16 15:56,264
12/7/16 16:02,1500
12/7/16 16:04,513
12/8/16 11:25,585
12/8/16 11:31,118
12/8/16 11:57,1450
12/8/16 12:13,1270
12/8/16 12:23,901
12/8/16 12:53,373
12/8/16 13:08,1499
12/8/16 13:11,1360
12/8/16 13:17,1509
12/8/16 13:21,201
12/8/16 13:26,1266
12/8/16 13:40,1267
12/8/16 13:41,1319
12/8/16 13:42,1529
12/8/16 14:23,254
12/8/16 14:24,1429
12/8/16 14:34,1014
12/8/16 15:02,1309
12/8/16 15:06,1277
12/8/16 15:07,331
12/8/16 15:18,1372
12/8/16 15:32,64
12/8/16 15:51,715
12/8/16 16:12,715
12/8/16 16:12,1534
12/8/16 16:18,1510
12/9/16 10:47,1510
12/9/16 10:47,15
12/9/16 10:47,1382
12/9/16 10:50,84
12/9/16 10:52,1255
12/9/16 11:16,101
12/9/16 11:24,662
12/9/16 11:28,681
12/9/16 11:31,394
12/9/16 11:33,1494
12/9/16 11:33,487
12/9/16 11:39,1431
12/9/16 11:42,118
12/9/16 11:43,1429
12/9/16 11:45,122
12/9/16 11:53,821
12/9/16 11:58,1491
12/9/16 12:02,838
12/9/16 12:07,107
12/9/16 12:09,253
12/9/16 12:13,1376
12/9/16 12:15,1262
12/9/16 12:17,1505
12/9/16 12:19,1394
12/9/16 12:30,1275
12/9/16 12:32,1261
12/9/16 12:35,1374
12/9/16 12:41,362
12/9/16 12:43,940
12/9/16 12:44,1424
12/9/16 12:51,1387
12/9/16 12:53,1461
12/9/16 12:55,309
12/9/16 12:59,512
12/9/16 13:00,750
12/9/16 13:01,254
12/9/16 13:07,1371
12/9/16 13:19,901
12/9/16 13:25,75
12/9/16 13:26,748
12/9/16 13:28,328
12/9/16 13:33,89
12/9/16 13:42,523
12/9/16 13:43,213
12/9/16 13:47,1000
12/9/16 13:54,1360
12/9/16 14:12,1451
12/9/16 14:17,937
12/9/16 14:19,920
12/9/16 14:32,1322
12/9/16 14:36,1248
12/9/16 14:39,118
12/9/16 14:46,1133
12/9/16 14:50,579
12/9/16 14:50,729
12/9/16 15:01,1186
12/9/16 15:02,117
12/9/16 15:03,842
12/9/16 15:10,1484
12/9/16 15:25,311
12/9/16 15:36,1122
12/9/16 15:37,255
12/9/16 15:38,858
12/9/16 15:44,730
12/9/16 15:45,1478
12/9/16 15:54,53
12/9/16 15:59,1377
12/9/16 16:04,1500
12/9/16 16:12,1245
12/9/16 16:22,811
12/12/16 10:27,408
12/12/16 10:57,416
12/12/16 11:00,416
12/12/16 11:03,139
12/12/16 11:04,1495
12/12/16 11:05,848
12/12/16 11:06,742
12/12/16 11:12,497
12/12/16 11:12,1461
12/12/16 11:37,523
12/12/16 11:39,998
12/12/16 11:41,998
12/12/16 11:41,18
12/12/16 12:53,1330
12/12/16 12:58,374
12/12/16 13:08,279
12/12/16 13:10,890
12/12/16 13:12,1031
12/12/16 13:24,1463
12/12/16 13:27,184
12/12/16 13:29,1010
12/12/16 13:41,1356
12/12/16 13:44,1250
12/12/16 13:51,1352
12/12/16 13:53,468
12/12/16 13:56,349
12/12/16 13:59,303
12/12/16 14:04,786
12/12/16 14:05,1030
12/12/16 14:31,64
12/12/16 14:31,1377
12/12/16 14:40,703
12/12/16 14:41,654
12/12/16 14:43,559
12/12/16 14:48,876
12/12/16 14:50,1259
12/12/16 14:53,1244
12/12/16 14:56,698
12/12/16 14:59,807
12/12/16 15:21,1245
12/12/16 15:24,1246
12/12/16 15:27,1341
12/12/16 15:29,1340
12/12/16 15:31,118
12/12/16 15:34,396
12/12/16 15:35,470
12/12/16 15:37,247
12/12/16 15:55,1461
12/13/16 9:09,54
12/13/16 9:27,1509
12/13/16 9:40,1189
12/13/16 9:55,1007
12/13/16 9:55,930
12/13/16 10:21,1291
12/13/16 10:29,438
12/13/16 10:41,192
12/13/16 10:56,699
12/13/16 10:59,1182
12/13/16 11:20,1501
12/13/16 11:21,382
12/13/16 11:25,1168
12/13/16 11:26,1075
12/13/16 11:28,1075
12/13/16 11:28,1543
12/13/16 11:36,818
12/13/16 11:38,1414
12/13/16 11:43,1001
12/13/16 11:48,1240
12/13/16 11:54,72
12/13/16 12:10,1394
12/13/16 12:46,1102
12/13/16 12:51,1112
12/13/16 12:55,890
12/13/16 12:58,754
12/13/16 13:01,754
12/13/16 13:01,22
12/13/16 13:03,754
12/13/16 13:03,1187
12/13/16 13:13,183
12/13/16 13:37,1220
12/13/16 14:01,118
12/13/16 14:01,1136
12/13/16 14:01,993
12/13/16 14:01,843
12/13/16 14:15,570
12/13/16 14:19,1117
12/13/16 14:23,1523
12/13/16 14:23,1524
12/13/16 14:23,1526
12/13/16 14:24,1173
12/13/16 14:40,1284
12/13/16 14:45,55
12/13/16 14:53,1360
12/13/16 14:59,1464
12/13/16 15:04,1207
12/13/16 15:08,1133
12/13/16 15:09,312
12/13/16 15:42,471
12/13/16 15:47,1264
12/14/16 10:53,988
12/14/16 10:54,950
12/14/16 10:57,513
12/14/16 10:59,646
12/14/16 10:59,1140
12/14/16 11:08,1323
12/14/16 11:09,1295
12/14/16 11:41,480
12/14/16 11:41,364
12/14/16 11:42,1494
12/14/16 11:42,1384
12/14/16 11:48,1183
12/14/16 11:49,1377
12/14/16 11:52,110
12/14/16 12:11,378
12/14/16 12:12,1507
12/14/16 12:15,1032
12/14/16 12:19,851
12/14/16 12:28,920
12/14/16 12:29,1374
12/14/16 12:30,62
12/14/16 12:31,1104
12/14/16 12:47,714
12/14/16 13:06,1340
12/14/16 13:30,1215
12/14/16 13:51,824
12/14/16 14:04,1348
12/14/16 14:17,1509
12/14/16 14:19,1181
12/14/16 14:20,514
12/14/16 14:27,1243
12/14/16 14:28,1157
12/14/16 14:29,1425
12/14/16 14:31,1489
12/14/16 14:37,1449
12/14/16 14:38,669
12/14/16 14:40,1515
12/14/16 14:42,759
12/14/16 14:55,1362
12/14/16 15:04,1362
12/14/16 15:04,1546
12/14/16 15:08,1247
12/14/16 15:11,1412
12/14/16 15:12,497
12/14/16 15:13,367
12/14/16 15:19,704
12/14/16 15:29,612
12/14/16 15:35,736
12/14/16 15:35,1098
12/14/16 15:39,293
12/14/16 15:44,118
12/15/16 10:09,1333
12/15/16 10:47,1020
12/15/16 10:49,392
12/15/16 10:59,552
12/15/16 11:20,396
12/15/16 11:26,1474
12/15/16 11:27,1429
12/15/16 12:16,1464
12/15/16 12:17,1411
12/15/16 12:24,1116
12/15/16 12:27,1458
12/15/16 12:40,328
12/15/16 12:54,995
12/15/16 13:29,1249
12/15/16 13:49,1495
12/15/16 13:52,715
12/15/16 13:55,820
12/15/16 14:27,1140
12/15/16 14:27,118
12/15/16 15:07,681
12/15/16 15:11,1154
12/15/16 15:18,117
12/15/16 15:19,603
12/15/16 15:25,661
12/15/16 15:46,240
12/15/16 15:48,82
12/15/16 15:51,1332
12/15/16 15:53,1373
12/16/16 9:10,408
12/16/16 9:10,932
12/16/16 9:10,1083
12/16/16 9:16,894
12/16/16 9:45,74
12/16/16 9:50,511
12/16/16 9:51,1377
12/16/16 10:08,642
12/16/16 10:43,1395
12/16/16 10:44,1377
12/16/16 10:55,1117
12/16/16 10:56,312
12/16/16 11:08,551
12/16/16 11:10,918
12/16/16 11:11,1489
12/16/16 11:16,312
12/16/16 11:25,286
12/16/16 11:32,580
12/16/16 11:43,705
12/16/16 11:44,1155
12/16/16 11:46,913
12/16/16 11:47,1051
12/16/16 11:47,717
12/16/16 11:49,727
12/16/16 11:52,348
12/16/16 11:52,1425
12/16/16 12:05,839
12/16/16 12:08,1380
12/16/16 12:16,1533
12/16/16 12:49,298
12/16/16 12:52,559
12/16/16 13:08,1531
12/16/16 13:28,1003
12/16/16 13:29,1435
12/16/16 13:31,1001
12/16/16 13:44,118
12/16/16 13:45,372
12/16/16 13:54,234
12/16/16 14:08,612
12/16/16 14:10,1055
12/16/16 14:32,1190
12/16/16 14:37,356
12/16/16 14:37,1283
12/16/16 14:42,651
12/16/16 14:44,1405
12/16/16 14:46,417
12/16/16 14:46,284
12/16/16 14:46,1220
12/16/16 14:49,523
12/16/16 14:50,497
12/16/16 14:51,1183
12/16/16 14:54,939
12/16/16 14:55,506
12/16/16 15:01,908
12/16/16 15:05,767
12/16/16 15:16,367
12/16/16 15:17,397
12/16/16 15:17,201
12/16/16 15:17,201
12/16/16 15:20,1511
12/16/16 15:20,1195
12/16/16 15:21,51
12/16/16 15:22,1167
12/16/16 15:22,1015
12/16/16 15:25,1376
12/16/16 15:29,1071
12/16/16 15:30,837
12/16/16 15:31,1504
12/16/16 15:33,1048
12/16/16 15:36,559
12/16/16 15:38,60
12/16/16 15:39,1185
12/16/16 15:39,1185
12/16/16 15:43,572
12/16/16 15:47,707
12/16/16 15:48,1158
12/16/16 15:50,1185
12/16/16 15:53,32
12/16/16 15:53,396
12/16/16 15:53,289
12/16/16 15:55,82
12/16/16 15:56,1332
12/16/16 15:59,1154
12/16/16 16:01,307
12/16/16 16:01,380
12/16/16 16:01,1517
12/16/16 16:05,757
12/16/16 16:06,1223
12/16/16 16:06,638
12/16/16 16:06,644
12/16/16 16:10,319
12/16/16 16:14,1257
12/16/16 16:14,444
12/16/16 16:21,1073
12/16/16 16:26,1073
12/16/16 16:26,1597
12/16/16 16:26,1073
12/16/16 16:26,1597
12/16/16 16:30,323
12/16/16 16:32,1436
12/16/16 16:32,117
12/16/16 16:34,676
12/16/16 16:37,117
12/16/16 16:38,1058
12/16/16 16:39,630
12/16/16 16:41,323
12/16/16 16:49,352
12/16/16 16:51,352
12/16/16 16:51,4
12/16/16 17:00,1285
12/16/16 17:16,1024
12/16/16 17:17,185
12/16/16 17:17,611
12/16/16 17:22,1493
12/16/16 17:24,1437
12/16/16 17:27,919
12/16/16 17:32,919
12/16/16 17:32,17
12/16/16 17:32,351
12/16/16 17:34,351
12/16/16 17:34,1603
12/16/16 17:37,71
12/16/16 17:42,771
12/16/16 17:42,881
12/16/16 17:43,268
12/16/16 17:44,1169
12/16/16 17:58,1186
12/16/16 18:04,322
12/16/16 18:04,324
12/16/16 18:10,134
12/16/16 18:15,667
12/16/16 18:15,770
12/16/16 18:21,770
12/16/16 18:21,1595
12/16/16 18:20,130
12/16/16 18:21,1150
12/16/16 18:21,1097
12/16/16 18:26,204
12/16/16 18:38,946
12/16/16 18:39,256
12/16/16 18:39,293
12/16/16 18:48,459
12/16/16 18:52,626
12/16/16 18:53,635
11/2/16 9:05,916
11/1/16 10:30,913
11/1/16 10:42,1442
11/1/16 10:46,838
11/1/16 10:50,960
11/1/16 10:48,1404
11/1/16 10:54,286
11/1/16 10:54,875
11/1/16 10:55,947
11/1/16 11:18,670
11/1/16 11:28,523
11/1/16 12:45,519
11/1/16 12:46,128
11/1/16 12:49,588
11/1/16 13:03,914
11/1/16 13:05,1395
11/1/16 13:14,1491
11/1/16 13:18,828
11/1/16 13:25,1241
11/1/16 13:25,1417
11/1/16 13:26,651
11/1/16 13:28,1220
11/1/16 13:45,662
11/1/16 13:48,237
11/1/16 13:56,487
11/1/16 14:15,117
11/1/16 14:15,1505
11/1/16 14:16,1429
11/1/16 14:20,1157
11/1/16 14:43,279
11/1/16 14:44,1488
11/1/16 14:50,159
11/1/16 14:50,1009
11/1/16 15:00,1507
11/1/16 15:01,705
11/1/16 15:36,1387
11/1/16 15:55,1211
11/1/16 15:58,1273
11/1/16 15:59,1288
11/1/16 16:09,679
11/1/16 16:12,462
11/1/16 16:14,755
11/1/16 16:20,777
11/1/16 16:31,1303
11/1/16 16:33,1269
11/1/16 16:53,1177
11/1/16 17:33,1191
11/1/16 18:11,219
11/1/16 18:15,1183
11/1/16 18:36,1154
11/2/16 9:11,329
11/2/16 10:13,1001
11/2/16 10:28,1461
11/2/16 10:42,1014
11/2/16 10:56,682
11/2/16 11:03,1083
11/2/16 11:03,896
11/2/16 11:09,897
11/2/16 11:11,498
11/2/16 11:18,1417
11/2/16 11:19,1241
11/2/16 11:25,876
11/2/16 11:29,1193
11/2/16 11:33,137
11/2/16 11:33,1381
11/2/16 11:37,614
11/2/16 11:38,1431
11/2/16 11:39,1358
11/2/16 11:41,775
11/2/16 11:51,1240
11/2/16 11:52,1025
11/2/16 11:52,87
11/2/16 11:58,72
11/2/16 12:00,1195
11/2/16 12:02,1457
11/2/16 12:13,459
11/2/16 12:15,503
11/2/16 12:24,1044
11/2/16 12:37,429
11/2/16 12:29,418
11/2/16 12:37,673
11/2/16 12:49,847
11/2/16 12:50,646
11/2/16 13:17,305
11/2/16 13:17,431
11/2/16 13:25,707
11/2/16 13:30,1435
11/2/16 13:36,1315
11/2/16 13:41,993
11/2/16 13:42,1136
11/2/16 13:44,439
11/2/16 13:53,97
11/2/16 13:56,342
11/2/16 14:06,348
11/2/16 14:08,1429
11/2/16 14:13,339
11/2/16 14:17,1427
11/2/16 14:19,1533
11/2/16 14:20,1357
11/2/16 14:34,982
11/2/16 15:40,134
11/2/16 16:48,887
11/2/16 16:51,780
11/2/16 16:53,1463
11/2/16 19:14,1183
11/2/16 19:41,1490
11/2/16 19:52,1268
11/2/16 19:52,1314
11/3/16 11:05,1449
11/3/16 11:32,356
11/3/16 11:54,1399
11/3/16 12:29,828
11/3/16 12:35,1145
11/3/16 12:48,1448
11/3/16 12:49,888
11/3/16 12:49,852
11/3/16 12:54,269
11/3/16 13:06,1360
11/3/16 13:25,772
11/3/16 13:30,1331
11/3/16 14:17,317
11/3/16 14:23,589
11/3/16 14:50,1451
11/3/16 14:52,1484
11/3/16 15:00,1532
11/3/16 16:08,1191
11/3/16 18:22,398
11/3/16 18:50,1253
11/3/16 18:51,1282
11/4/16 10:07,797
11/4/16 10:18,874
11/4/16 10:30,107
11/4/16 10:33,1446
11/4/16 10:47,460
11/4/16 10:48,1222
11/4/16 11:18,840
11/4/16 11:26,815
11/4/16 11:31,1360
11/4/16 12:10,717
11/4/16 12:12,727
11/4/16 12:13,1102
11/4/16 12:14,1502
11/4/16 12:17,957
11/4/16 12:41,1369
11/4/16 12:49,1208
11/4/16 12:51,442
11/4/16 13:05,228
11/4/16 13:05,228
11/4/16 13:05,1539
11/4/16 13:09,1522
11/4/16 13:09,308
11/4/16 13:10,1180
11/4/16 13:10,626
11/4/16 13:10,720
11/4/16 13:11,776
11/4/16 13:11,1206
11/4/16 13:14,913
11/4/16 13:14,1165
11/4/16 13:25,1454
11/4/16 13:45,540
11/4/16 13:53,540
11/4/16 13:53,1541
11/4/16 14:00,122
11/4/16 14:07,339
11/4/16 14:22,662
11/4/16 14:23,1351
11/4/16 16:35,1185
11/4/16 16:35,1093
11/4/16 16:35,923
11/4/16 16:36,1360
11/4/16 16:40,1360
11/4/16 16:40,6
11/4/16 17:43,201
11/7/16 10:28,1096
11/7/16 10:29,1138
11/7/16 10:38,1183
11/7/16 10:58,1489
11/7/16 11:04,199
11/7/16 11:13,1190
11/7/16 11:13,443
11/7/16 11:20,711
11/7/16 11:26,1283
11/7/16 11:31,1495
11/7/16 11:45,1367
11/7/16 11:46,1458
11/7/16 12:09,270
11/7/16 12:10,262
11/7/16 12:11,1006
11/7/16 12:13,1292
11/7/16 12:18,53
11/7/16 12:31,1059
11/7/16 12:56,1059
11/7/16 12:56,1540
11/7/16 12:50,816
11/7/16 12:56,816
11/7/16 12:56,1537
11/7/16 12:59,492
11/7/16 13:07,1001
11/7/16 13:10,920
11/7/16 13:11,998
11/7/16 13:12,917
11/7/16 13:17,1254
11/7/16 13:17,1275
11/7/16 13:18,1440
11/7/16 13:19,1296
11/7/16 13:21,1313
11/7/16 13:21,1321
11/7/16 13:22,1326
11/7/16 13:40,115
11/7/16 13:40,665
11/7/16 14:30,1242
11/7/16 14:42,913
11/7/16 15:18,201
11/7/16 15:26,311
11/7/16 15:30,1038
11/7/16 15:52,573
11/7/16 16:00,1475
11/7/16 16:05,659
11/7/16 16:10,988
11/7/16 16:11,87
11/7/16 16:14,862
11/7/16 16:17,981
11/7/16 16:25,930
11/7/16 16:44,1117
11/7/16 16:55,1247
11/7/16 18:47,497
11/7/16 18:48,358
11/8/16 10:04,1530
11/9/16 13:23,222
11/9/16 13:31,100
11/9/16 13:32,200
11/9/16 14:02,901
11/9/16 14:13,474
11/9/16 14:14,642
11/9/16 14:14,142
11/9/16 14:53,1386
11/9/16 14:39,1334
11/9/16 14:53,936
11/9/16 15:04,1498
11/9/16 17:06,1480
11/9/16 17:17,811
11/9/16 17:34,600
11/9/16 17:34,512
11/10/16 10:24,54
11/10/16 10:53,1272
11/10/16 10:53,286
11/10/16 11:22,1251
11/10/16 11:22,947
11/10/16 11:30,408
11/10/16 11:35,63
11/10/16 12:07,53
11/10/16 12:09,876
11/10/16 12:28,1496
11/10/16 12:31,176
11/10/16 12:33,1415
11/10/16 12:51,850
11/10/16 13:07,1502
11/10/16 13:18,1071
11/10/16 13:20,1073
11/10/16 14:12,921
11/10/16 14:13,1112
11/10/16 14:16,254
11/10/16 14:33,173
11/10/16 14:34,1174
11/10/16 15:10,350
11/10/16 15:18,1032
11/10/16 16:40,1043
11/10/16 16:41,268
11/10/16 16:43,925
11/10/16 17:06,117
11/10/16 18:34,1246
11/14/16 10:51,621
11/14/16 10:58,1083
11/14/16 10:58,896
11/14/16 11:03,1278
11/14/16 11:11,854
11/14/16 11:31,1366
11/14/16 11:54,710
11/14/16 11:54,1162
11/14/16 12:17,1376
11/14/16 13:18,1456
11/14/16 13:20,1444
11/14/16 13:24,808
11/14/16 13:46,969
11/14/16 13:58,87
11/14/16 14:09,638
11/14/16 15:38,1489
11/14/16 16:04,1510
11/14/16 16:44,730
11/15/16 11:24,1497
11/15/16 11:16,1259
11/15/16 11:25,1365
11/15/16 11:27,1435
11/15/16 11:39,913
11/15/16 11:47,1264
11/15/16 11:53,1415
11/15/16 11:53,1462
11/15/16 11:56,1404
11/15/16 12:22,416
11/15/16 12:23,141
11/15/16 12:47,1464
11/15/16 12:26,897
11/15/16 12:50,1147
11/15/16 12:53,254
11/15/16 12:56,1432
11/15/16 12:56,1491
11/15/16 12:56,1485
11/15/16 12:56,1421
11/15/16 12:56,1482
11/15/16 12:56,577
11/15/16 12:56,737
11/15/16 13:05,1287
11/15/16 13:05,248
11/15/16 13:17,1496
11/15/16 13:17,1521
11/15/16 13:29,1382
11/15/16 13:43,930
11/15/16 13:44,646
11/15/16 13:49,72
11/15/16 13:53,1251
11/15/16 13:56,1484
11/15/16 13:59,374
11/15/16 14:01,519
11/15/16 14:09,920
11/15/16 14:10,1458
11/15/16 14:10,824
11/15/16 14:11,312
11/15/16 14:11,1065
11/15/16 14:12,844
11/15/16 14:12,870
11/15/16 14:15,1065
11/15/16 14:16,824
11/15/16 14:17,549
11/21/16 10:47,914
11/15/16 14:27,811
11/15/16 14:30,866
11/15/16 14:32,1010
11/15/16 14:35,648
11/15/16 14:38,941
11/15/16 14:39,283
11/15/16 14:40,1533
11/15/16 14:47,503
11/15/16 14:53,819
11/21/16 10:47,1247
11/15/16 15:05,107
11/15/16 15:12,809
11/15/16 15:17,610
11/15/16 15:17,364
11/15/16 15:18,861
11/15/16 15:19,1475
11/15/16 15:19,1439
11/15/16 15:21,329
11/15/16 15:22,363
11/15/16 15:24,1475
11/15/16 15:26,1095
11/15/16 15:29,70
11/15/16 15:33,1033
11/15/16 15:36,874
11/15/16 15:39,1041
11/15/16 15:40,1191
11/15/16 15:42,918
11/15/16 15:44,666
11/15/16 15:46,74
11/15/16 15:48,440
11/15/16 15:51,237
11/15/16 15:53,789
11/15/16 15:54,1269
11/15/16 15:57,1507
11/15/16 15:59,471
11/15/16 16:14,735
11/15/16 16:14,751
11/15/16 16:15,779
11/15/16 16:16,468
11/15/16 16:21,344
11/15/16 16:45,88
11/15/16 16:56,670
11/15/16 17:06,1494
11/15/16 17:08,561
11/15/16 17:08,570
11/15/16 17:08,873
11/15/16 17:08,596
11/15/16 17:11,1212
11/15/16 17:11,1067
11/15/16 17:20,1388
11/15/16 17:21,638
11/15/16 17:23,1193
11/15/16 17:32,487
11/15/16 17:32,520
11/15/16 17:34,932
11/15/16 17:42,717
11/15/16 17:43,645
11/15/16 17:44,933
11/15/16 17:44,1345
11/15/16 17:45,1305
11/15/16 17:52,427
11/21/16 10:43,672
11/21/16 10:43,389
11/21/16 10:43,617
11/21/16 10:43,62
11/21/16 10:43,1318
11/21/16 10:43,1283
11/21/16 10:43,50
11/15/16 19:35,1456
11/15/16 19:45,1438
11/16/16 10:27,1438
11/16/16 10:27,12
11/16/16 10:28,1376
11/16/16 10:50,1059
11/16/16 10:56,513
11/16/16 10:58,690
11/16/16 11:02,896
11/16/16 11:02,1083
11/16/16 11:02,240
11/16/16 11:07,614
11/16/16 11:08,1399
11/16/16 11:08,533
11/16/16 11:09,498
11/16/16 11:14,1088
11/16/16 11:16,1366
11/16/16 11:23,1466
11/16/16 11:33,866
11/16/16 11:34,670
11/16/16 11:38,649
11/16/16 11:38,1178
11/16/16 11:40,1252
11/16/16 11:44,678
11/16/16 11:49,921
11/16/16 12:05,115
11/16/16 12:09,938
11/16/16 12:13,1468
11/16/16 12:18,445
11/16/16 12:23,944
11/16/16 12:24,1062
11/16/16 12:29,1086
11/16/16 12:33,884
11/16/16 12:34,909
11/16/16 12:36,260
11/16/16 12:37,1495
11/16/16 12:39,176
11/16/16 13:09,579
11/16/16 13:09,729
11/16/16 13:11,604
11/16/16 13:13,108
11/16/16 13:14,1100
11/16/16 13:15,1483
11/16/16 13:20,540
11/16/16 13:23,808
11/16/16 13:26,65
11/16/16 13:28,1444
11/16/16 13:28,71
11/16/16 13:32,1275
11/21/16 10:46,140
11/16/16 13:39,180
11/16/16 13:46,1057
11/16/16 13:48,1499
11/16/16 14:00,703
11/16/16 14:01,333
11/16/16 14:05,598
11/16/16 14:06,348
11/16/16 14:07,675
11/16/16 14:08,1429
11/16/16 14:09,96
11/16/16 14:13,273
11/16/16 14:15,389
11/16/16 14:15,410
11/16/16 14:16,1408
11/16/16 14:44,1400
11/16/16 14:58,1186
11/16/16 15:01,987
11/16/16 15:09,1370
11/16/16 15:09,1500
11/16/16 15:12,378
11/16/16 15:12,1341
11/16/16 15:22,1154
11/16/16 15:29,1505
11/16/16 15:30,982
11/16/16 15:40,75
11/16/16 15:59,1353
11/16/16 16:06,1472
11/16/16 16:20,589
11/16/16 16:21,1310
11/16/16 16:24,87
11/16/16 16:25,355
11/16/16 16:27,1412
11/16/16 16:32,494
11/16/16 16:33,1431
11/16/16 16:34,581
11/16/16 16:34,886
11/16/16 16:43,146
11/16/16 16:43,664
11/16/16 16:44,502
11/16/16 16:45,449
11/16/16 16:45,1347
11/16/16 16:50,92
11/16/16 16:54,1045
11/16/16 16:55,1005
11/16/16 16:57,699
11/16/16 17:01,746
11/16/16 17:02,416
11/16/16 17:03,919
11/16/16 17:21,400
11/16/16 17:25,455
11/16/16 17:29,94
11/16/16 17:36,959
11/16/16 17:37,1388
11/16/16 18:05,845
11/16/16 18:10,937
11/16/16 18:12,1183
11/16/16 18:20,1112
11/16/16 18:58,993
11/16/16 19:23,89
11/16/16 19:47,160
11/16/16 19:49,871
11/16/16 19:49,1032
11/16/16 19:57,922
11/16/16 19:57,997
11/17/16 9:55,1255
11/17/16 9:57,1263
11/17/16 10:10,1074
11/17/16 11:46,286
11/17/16 11:47,717
11/17/16 11:48,267
11/17/16 11:51,640
11/17/16 11:51,727
11/17/16 12:05,894
11/17/16 12:08,456
11/17/16 12:08,1417
11/17/16 12:11,223
11/17/16 12:20,253
11/17/16 12:21,311
11/17/16 12:29,1181
11/17/16 12:30,1414
11/17/16 12:30,543
11/17/16 12:38,1034
11/17/16 12:38,1034
11/17/16 12:40,626
11/17/16 12:40,526
11/17/16 12:40,1434
11/17/16 12:48,967
11/17/16 12:51,428
11/17/16 12:52,1478
11/17/16 12:54,1502
11/17/16 12:54,612
11/17/16 13:25,1220
11/17/16 14:01,587
11/17/16 14:02,675
11/17/16 14:06,431
11/17/16 14:12,431
11/17/16 14:12,24
11/17/16 14:09,974
11/17/16 14:16,1292
11/17/16 15:11,514
11/17/16 15:19,559
11/17/16 15:52,1394
11/17/16 16:39,343
11/17/16 16:39,762
11/17/16 16:40,1349
11/21/16 10:46,118
11/17/16 16:40,1330
11/21/16 10:46,1086
11/17/16 16:49,1086
11/17/16 16:49,7
11/17/16 16:58,1157
11/17/16 17:14,117
11/17/16 17:22,1373
11/17/16 17:23,913
11/17/16 17:42,38
11/18/16 10:28,1376
11/18/16 10:44,874
11/18/16 10:48,1321
11/18/16 10:48,1296
11/18/16 10:53,1120
11/18/16 11:11,1215
11/18/16 11:16,1102
11/18/16 11:28,1039
11/18/16 11:34,878
11/18/16 11:43,118
11/18/16 11:47,1115
11/18/16 12:05,480
11/18/16 12:26,480
11/18/16 12:26,3
11/18/16 12:27,383
11/18/16 12:37,393
11/18/16 12:47,1263
11/18/16 12:47,1344
11/18/16 12:49,659
11/18/16 12:52,1434
11/18/16 12:53,462
11/18/16 13:12,308
11/18/16 13:12,1180
11/18/16 13:14,1499
11/18/16 13:30,1454
11/18/16 14:01,293
11/18/16 14:02,514
11/18/16 14:07,754
11/18/16 14:08,1329
11/18/16 14:14,1153
11/18/16 14:16,1463
11/18/16 14:18,686
11/18/16 14:23,1276
11/18/16 14:23,1320
11/18/16 14:24,1289
11/18/16 14:26,1377
11/18/16 14:28,953
11/18/16 14:39,1258
11/18/16 14:40,1529
11/18/16 14:41,1401
11/18/16 14:43,1518
11/18/16 14:43,1350
11/18/16 14:45,1409
11/18/16 14:47,1399
11/18/16 14:54,1508
11/18/16 15:05,1406
11/18/16 15:06,184
11/18/16 15:08,224
11/18/16 15:14,984
11/18/16 15:17,899
11/18/16 15:23,1328
11/18/16 15:40,1498
11/18/16 16:08,1277
11/18/16 16:08,1309
11/18/16 16:16,1367
11/18/16 16:27,1457
11/21/16 10:46,84
11/21/16 10:09,1446
11/21/16 10:13,1331
11/21/16 10:15,811
11/21/16 10:18,1368
11/21/16 10:55,896
11/21/16 11:09,74
11/21/16 11:12,1110
11/21/16 11:13,821
11/21/16 11:15,286
11/21/16 11:38,323
11/21/16 11:57,36
11/21/16 12:06,1006
11/21/16 12:10,559
11/21/16 12:11,118
11/21/16 12:21,1382
11/21/16 12:27,294
11/21/16 12:28,408
11/21/16 12:52,646
11/21/16 13:09,1461
11/21/16 13:15,1001
11/21/16 14:23,1164
11/21/16 14:32,1075
11/21/16 14:39,1075
11/21/16 14:39,1545
11/21/16 15:02,1069
11/21/16 15:08,1406
11/21/16 15:09,1337
11/21/16 15:09,920
11/21/16 16:27,1351
11/21/16 16:37,1523
11/21/16 17:35,912
11/21/16 17:36,551
11/21/16 17:48,1420
11/22/16 10:50,310
11/22/16 11:07,999
11/22/16 11:07,1184
11/22/16 11:12,1079
11/22/16 12:02,266
11/22/16 13:16,802
11/22/16 14:13,1513
11/22/16 14:35,286
11/28/16 11:07,1140
11/28/16 12:08,118
11/28/16 12:12,240
11/28/16 12:13,1183
11/28/16 12:18,118
11/28/16 12:56,1327
11/28/16 13:08,1262
11/28/16 13:22,713
11/28/16 13:40,1383
11/28/16 13:53,1499
11/28/16 13:59,1499
11/28/16 13:59,1534
11/28/16 14:07,491
11/28/16 14:13,824
11/28/16 14:29,465
11/28/16 15:06,616
11/28/16 15:59,613
11/28/16 16:33,1281
11/29/16 11:01,1112
11/29/16 11:06,1184
11/29/16 11:07,999
11/29/16 11:07,1519
11/29/16 11:26,118
11/29/16 11:28,1252
11/29/16 11:46,913
11/29/16 11:53,128
11/29/16 11:53,890
11/29/16 12:03,1528
11/29/16 12:25,777
11/29/16 12:28,918
11/29/16 12:28,612
11/29/16 12:28,358
11/29/16 12:28,602
11/29/16 13:00,1100
11/29/16 13:07,1499
11/29/16 13:08,1037
11/29/16 13:08,1146
11/29/16 13:09,715
11/29/16 13:09,284
11/29/16 15:45,1399
11/29/16 16:38,1498
11/29/16 17:06,1029
11/29/16 17:08,342
11/29/16 17:10,1328
11/29/16 17:13,1373
11/30/16 11:08,685
11/30/16 11:37,853
11/30/16 11:54,1360
11/30/16 12:03,253
11/30/16 12:09,1356
11/30/16 12:15,848
11/30/16 12:20,1363
11/30/16 12:21,1190
11/30/16 12:23,1385
11/30/16 12:23,777
11/30/16 12:27,1486
11/30/16 12:49,459
11/30/16 12:54,459
11/30/16 13:00,707
11/30/16 13:00,838
11/30/16 13:04,1483
11/30/16 13:07,998
11/30/16 13:08,933
11/30/16 13:08,966
11/30/16 13:11,815
11/30/16 13:13,305
11/30/16 13:13,431
11/30/16 13:15,1394
11/30/16 13:23,35
11/30/16 13:54,748
11/30/16 14:41,224
11/30/16 15:30,899
11/30/16 15:37,512
11/30/16 15:38,600
11/30/16 15:39,1271
11/30/16 15:39,1339
11/30/16 15:59,118
11/30/16 16:08,1487
11/30/16 16:12,704
11/30/16 16:23,913
11/30/16 16:36,1463
10/20/16 11:19,253
10/20/16 11:20,1424
10/20/16 11:21,309
10/20/16 11:24,913
10/20/16 11:27,147
10/20/16 11:37,1445
10/20/16 11:47,1186
10/20/16 12:42,849
10/20/16 12:44,588
10/20/16 12:45,1434
10/20/16 13:19,1014
10/20/16 15:50,1509
10/20/16 16:31,1222
10/20/16 16:43,1142
10/20/16 16:57,107
10/20/16 17:43,1483
10/25/16 11:24,715
10/25/16 11:24,916
10/25/16 12:40,897
10/25/16 12:42,313
12/20/16 8:49,1052
10/25/16 12:51,523
10/25/16 12:57,254
10/25/16 14:08,1193
10/25/16 14:20,1028
10/25/16 14:20,1126
10/25/16 14:43,1422
10/25/16 14:44,497
10/25/16 14:52,336
10/25/16 14:59,1443
10/25/16 15:00,1189
10/25/16 15:03,642
10/25/16 15:18,1429
10/25/16 15:23,1147
10/25/16 0:00,1147
10/25/16 0:00,263
10/25/16 15:51,1119
10/25/16 15:53,420
10/25/16 16:11,1355
10/25/16 16:11,1376
12/20/16 8:49,1438
10/26/16 10:08,682
10/26/16 10:26,176
10/26/16 10:30,346
10/26/16 10:35,1117
10/26/16 10:42,1463
10/26/16 10:56,1183
10/26/16 11:04,614
10/26/16 11:05,1418
10/26/16 11:08,96
10/26/16 11:11,685
10/26/16 11:12,1451
10/26/16 11:15,1395
10/26/16 11:24,1241
10/26/16 11:28,1417
10/26/16 11:28,1423
10/26/16 11:44,883
10/26/16 11:46,1039
10/26/16 12:16,1312
10/26/16 12:17,1486
10/26/16 12:24,1471
10/26/16 12:25,1378
10/26/16 12:25,1502
10/26/16 12:29,72
10/26/16 12:40,1031
10/26/16 12:51,1031
10/26/16 12:51,1538
10/26/16 12:52,1431
10/26/16 13:32,1327
10/26/16 13:52,1372
10/26/16 13:54,662
10/26/16 14:20,438
10/26/16 14:23,729
10/26/16 14:23,579
10/26/16 14:36,1268
10/26/16 15:50,1445
10/26/16 16:05,386
10/26/16 17:16,374
10/26/16 17:22,1157
10/26/16 17:28,918
10/26/16 17:29,1479
10/26/16 17:30,1430
10/26/16 17:31,1361
10/26/16 17:31,1410
10/26/16 17:56,1410
10/26/16 17:56,1596
10/26/16 18:49,134
10/26/16 19:01,578
10/27/16 9:54,1382
10/27/16 10:25,605
10/27/16 11:04,612
10/27/16 11:13,408
10/27/16 11:27,1088
10/27/16 13:26,987
10/27/16 13:27,308
10/27/16 13:33,1491
10/27/16 13:37,97
10/27/16 13:45,97
10/27/16 13:45,1544
10/27/16 14:20,503
10/27/16 14:23,1393
10/27/16 14:28,1393
10/27/16 14:28,23
10/27/16 14:29,1409
10/27/16 14:30,1489
10/27/16 14:31,237
10/27/16 16:03,1191
10/27/16 16:13,108
10/27/16 19:31,1388
10/28/16 13:59,884
10/28/16 14:00,909
10/28/16 14:04,1468
10/28/16 14:05,1454
10/28/16 14:09,253
10/28/16 14:11,898
10/28/16 14:13,147
10/28/16 14:25,1505
10/28/16 14:27,1377
10/28/16 14:30,1191
10/28/16 14:34,468
10/28/16 14:36,1131
10/28/16 14:46,930
10/28/16 14:48,1382
10/28/16 14:51,1423
10/28/16 14:51,456
10/28/16 14:51,1241
10/28/16 15:00,1095
10/28/16 15:07,920
10/28/16 16:01,428
10/28/16 16:01,169
10/28/16 16:01,1017
10/28/16 16:01,1453
10/28/16 16:02,284
10/28/16 16:02,970
10/28/16 16:02,181
10/28/16 16:02,363
10/28/16 16:03,1328
10/28/16 16:03,1456
10/28/16 16:03,559
10/28/16 16:03,1507
10/28/16 16:04,1367
10/28/16 16:04,1395
10/28/16 16:04,977
10/28/16 16:07,1334
10/28/16 16:08,956
10/28/16 16:08,984
10/28/16 16:09,846
10/28/16 16:14,949
10/28/16 16:18,74
10/28/16 16:19,1311
10/28/16 16:19,1495
10/28/16 16:23,670
10/28/16 16:24,1402
10/28/16 16:25,1041
10/28/16 16:27,256
10/28/16 16:27,946
10/28/16 16:31,1431
10/28/16 16:32,1363
10/28/16 16:42,1531
10/28/16 16:43,580
10/28/16 16:44,612
10/28/16 16:47,1217
10/28/16 16:47,1217
10/28/16 16:47,1217
10/28/16 16:48,439
10/28/16 16:50,826
10/28/16 16:52,1197
10/28/16 16:52,783
10/28/16 16:52,467
10/28/16 16:52,1200
10/28/16 16:52,1226
10/28/16 16:53,1169
10/28/16 16:59,1081
10/28/16 17:07,1186
10/31/16 10:22,364
10/31/16 10:22,1402
10/31/16 10:24,462
10/31/16 10:48,1183
10/31/16 11:08,498
10/31/16 11:10,1190
10/31/16 11:10,1190
10/31/16 11:11,1399
10/31/16 11:17,1483
10/31/16 11:19,1366
10/31/16 11:31,704
10/31/16 11:34,797
10/31/16 11:35,857
10/31/16 11:52,795
10/31/16 12:05,689
10/31/16 12:12,1502
10/31/16 12:20,240
10/31/16 12:32,1327
10/31/16 12:32,1328
10/31/16 12:41,855
10/31/16 12:48,55
10/31/16 12:54,1458
10/31/16 12:59,1099
10/31/16 13:03,492
10/31/16 13:10,313
10/31/16 13:10,259
10/31/16 13:39,287
10/31/16 13:44,1472
10/31/16 13:51,794
10/31/16 13:55,1038
10/31/16 14:04,237
10/31/16 14:10,293
10/31/16 14:11,374
10/31/16 14:14,728
10/31/16 14:25,1035
10/31/16 14:29,1181
10/31/16 14:34,937
10/31/16 14:39,655
10/31/16 14:40,1373
10/31/16 14:58,1017
10/31/16 14:59,935
10/31/16 15:04,1343
10/31/16 15:07,117
10/31/16 15:08,117
10/31/16 15:13,1496
10/31/16 15:49,1316
10/31/16 15:52,176
10/31/16 15:53,97
10/31/16 16:03,689
10/31/16 16:10,1438
10/31/16 16:13,901
10/31/16 16:13,988
10/31/16 16:15,1117
10/31/16 16:16,1458
10/31/16 16:21,1325
10/31/16 16:24,544
10/31/16 16:29,466
10/31/16 16:32,773
10/31/16 16:36,443
10/31/16 16:50,1095
10/31/16 16:56,400
10/31/16 16:56,455
10/31/16 16:57,1206
10/31/16 16:59,1334
10/31/16 17:01,506
10/31/16 17:03,96
10/31/16 17:11,345
10/31/16 17:12,887
10/31/16 17:18,1039
10/31/16 17:19,1419
10/31/16 17:20,160
10/31/16 17:21,433
10/31/16 17:29,1481
10/31/16 17:30,1465
10/31/16 17:34,792
10/31/16 17:42,1018
10/31/16 17:48,1448
10/31/16 17:49,918
10/31/16 18:36,256
10/31/16 18:37,946
9/1/16 11:19,1047
9/1/16 11:19,1407
9/1/16 11:22,1174
9/1/16 11:22,54
9/1/16 11:23,117
9/1/16 11:29,1145
9/1/16 11:48,924
9/1/16 11:49,388
9/1/16 11:49,325
9/1/16 11:53,1503
9/1/16 11:57,1042
9/1/16 11:57,970
9/1/16 12:01,930
9/1/16 12:04,139
9/1/16 12:08,46
9/1/16 12:22,860
9/1/16 12:35,335
9/1/16 12:44,519
9/1/16 12:46,1124
9/1/16 12:48,1270
9/1/16 12:51,553
9/1/16 12:52,615
9/1/16 13:01,702
9/1/16 13:02,867
9/1/16 13:48,1031
9/7/16 9:22,990
9/7/16 10:14,361
9/7/16 10:14,244
9/7/16 10:15,1001
9/7/16 10:26,786
9/7/16 10:58,685
9/7/16 11:13,391
9/7/16 11:15,555
9/7/16 11:16,1086
9/7/16 11:20,706
9/7/16 11:24,1495
9/7/16 11:31,329
9/7/16 11:37,1351
9/7/16 11:50,588
9/7/16 13:06,1502
9/7/16 13:06,1038
9/7/16 13:08,606
9/7/16 13:09,913
9/7/16 13:12,696
9/7/16 13:21,539
9/7/16 13:28,539
9/7/16 13:28,1534
9/7/16 13:31,677
9/7/16 14:09,87
9/7/16 14:55,1457
9/8/16 14:03,1457
9/8/16 14:03,21
12/2/16 9:15,1028
9/9/16 15:04,1464
9/9/16 15:15,1117
9/9/16 15:45,1227
9/9/16 15:47,1514
9/9/16 15:56,1057
9/9/16 16:00,1107
9/9/16 16:31,1195
9/9/16 16:32,222
9/9/16 16:32,1452
9/9/16 16:33,1516
9/9/16 16:33,1512
9/12/16 10:12,1338
9/12/16 10:25,1035
9/12/16 10:33,1112
9/12/16 10:33,1001
9/12/16 10:46,621
9/12/16 10:49,559
9/12/16 10:54,902
9/12/16 11:03,1270
9/12/16 11:10,1395
9/12/16 11:11,704
9/12/16 11:12,717
9/12/16 11:12,727
9/12/16 11:13,292
9/12/16 11:25,1083
9/12/16 11:26,326
9/12/16 11:27,896
9/12/16 11:27,1157
9/12/16 11:37,1475
9/12/16 11:37,1417
9/12/16 11:39,89
9/12/16 11:39,1424
9/12/16 11:39,87
9/12/16 11:40,972
9/12/16 11:41,715
9/12/16 11:43,1371
9/12/16 11:43,1397
9/12/16 11:44,1189
9/12/16 11:45,1475
9/12/16 11:46,1417
9/12/16 11:47,176
9/12/16 11:55,789
9/12/16 11:55,786
9/12/16 12:08,1110
9/12/16 12:08,919
9/12/16 12:11,260
9/12/16 12:12,870
9/12/16 12:15,877
9/12/16 12:17,320
9/12/16 12:18,1318
9/12/16 12:20,523
9/12/16 12:24,306
9/12/16 12:24,743
9/12/16 12:26,909
9/12/16 12:26,884
9/12/16 12:29,692
9/12/16 12:29,1419
9/12/16 12:29,1265
9/12/16 12:31,731
9/12/16 12:31,1136
9/12/16 12:32,880
9/12/16 12:34,1415
9/12/16 12:34,811
9/12/16 12:59,1530
9/12/16 13:02,1284
9/12/16 13:07,746
9/12/16 13:10,347
9/12/16 13:11,923
9/12/16 13:12,981
9/12/16 13:14,897
9/12/16 13:14,1296
9/12/16 13:15,1321
9/12/16 13:15,1013
9/12/16 13:19,149
9/12/16 13:20,169
9/12/16 13:20,90
9/12/16 13:21,1182
9/12/16 13:25,194
9/12/16 13:26,370
9/12/16 13:29,115
9/12/16 13:43,612
9/12/16 13:44,739
9/12/16 13:52,988
9/12/16 13:54,892
9/12/16 13:54,988
9/12/16 14:08,813
9/12/16 14:10,1372
9/12/16 14:11,1113
9/12/16 14:16,937
9/12/16 14:24,1354
9/12/16 14:30,340
9/12/16 14:33,579
9/12/16 14:33,729
9/12/16 14:59,1191
9/12/16 15:01,173
9/12/16 15:06,1174
9/12/16 15:09,930
9/12/16 15:09,1055
9/12/16 15:15,240
9/12/16 15:24,1396
9/12/16 15:25,1168
9/12/16 15:25,1075
9/12/16 15:42,952
9/12/16 15:45,1377
9/12/16 15:49,1370
9/12/16 16:07,777
9/12/16 16:09,1360
9/12/16 16:09,1310
9/12/16 16:11,876
9/12/16 16:14,414
9/12/16 16:16,934
9/12/16 16:18,1219
9/12/16 16:19,1447
9/12/16 16:21,1388
9/12/16 16:24,121
9/12/16 16:27,1457
9/12/16 16:30,462
9/13/16 9:50,462
9/13/16 9:50,1542
9/13/16 9:52,1059
9/13/16 10:09,726
9/13/16 10:28,107
9/13/16 10:37,1428
9/13/16 10:41,646
9/13/16 11:02,87
9/13/16 11:04,1252
9/13/16 11:11,947
9/13/16 11:13,139
9/13/16 11:19,562
9/13/16 11:20,665
9/13/16 11:20,1079
9/13/16 11:36,1186
9/13/16 11:43,75
9/13/16 11:54,795
9/13/16 12:51,254
9/13/16 12:54,1443
9/13/16 12:54,1399
9/13/16 12:56,588
9/13/16 12:59,1164
9/13/16 13:01,373
9/13/16 13:04,1175
9/13/16 13:08,1370
9/13/16 13:14,572
9/13/16 13:16,1315
9/13/16 13:16,279
9/13/16 13:17,1417
9/13/16 13:20,202
9/13/16 13:22,180
9/13/16 13:35,1031
9/13/16 14:13,1121
9/13/16 14:17,732
9/13/16 14:17,856
9/13/16 14:19,1272
9/13/16 14:19,872
9/13/16 14:28,1533
9/13/16 14:30,677
9/13/16 14:31,1138
9/13/16 14:34,454
9/13/16 14:43,323
9/13/16 14:45,1374
9/13/16 14:56,160
9/13/16 14:58,293
9/13/16 15:17,818
9/14/16 10:08,217
9/14/16 10:09,1376
9/14/16 10:53,259
9/14/16 10:57,609
9/14/16 11:07,313
9/14/16 11:14,498
9/14/16 11:17,286
9/14/16 11:18,286
9/14/16 11:19,868
9/14/16 11:21,754
9/14/16 11:27,921
9/14/16 11:44,1030
9/14/16 11:55,682
9/14/16 12:00,1486
9/14/16 12:16,1157
9/14/16 12:16,1109
9/14/16 12:16,900
9/14/16 12:17,917
9/14/16 12:17,87
9/14/16 12:19,492
9/14/16 12:21,1259
9/14/16 12:21,1341
9/14/16 12:25,806
9/14/16 12:31,491
9/14/16 12:37,510
9/14/16 12:41,913
9/14/16 12:50,1502
9/14/16 12:50,1496
9/14/16 12:51,89
9/14/16 12:52,1422
9/14/16 13:19,186
9/14/16 13:27,1379
9/14/16 13:30,503
9/14/16 13:31,442
9/14/16 13:33,347
9/14/16 13:33,1059
9/14/16 13:35,648
9/14/16 13:38,1454
9/14/16 14:02,348
9/14/16 14:09,134
9/14/16 14:20,541
9/14/16 14:24,638
9/14/16 14:25,728
9/14/16 14:47,556
9/14/16 14:53,1206
9/15/16 10:12,1074
9/15/16 10:19,1154
9/15/16 11:01,1474
9/15/16 11:03,752
9/15/16 11:13,311
9/15/16 11:25,439
9/15/16 11:41,1124
9/15/16 12:06,1491
9/15/16 12:08,408
9/15/16 12:14,888
9/15/16 12:16,725
9/15/16 12:17,1011
9/15/16 12:20,628
9/15/16 12:23,607
9/15/16 12:31,971
9/15/16 12:43,849
9/15/16 12:44,1118
9/15/16 12:44,545
9/15/16 12:55,1164
9/15/16 13:02,299
9/16/16 11:01,604
9/16/16 9:46,1183
9/16/16 9:48,1507
9/16/16 9:55,965
9/16/16 9:56,922
9/16/16 9:57,997
9/16/16 10:34,927
9/16/16 10:34,978
9/16/16 10:34,963
9/16/16 10:43,626
9/16/16 11:01,1290
9/16/16 11:00,1241
9/16/16 11:00,1423
9/16/16 11:01,675
9/16/16 11:17,1508
9/16/16 11:18,319
9/16/16 11:19,329
9/16/16 11:38,1335
9/16/16 11:43,1055
9/16/16 11:43,616
9/16/16 11:43,1470
9/16/16 11:43,1503
9/16/16 11:50,1483
9/16/16 11:51,46
9/16/16 11:57,480
9/16/16 12:07,1102
9/16/16 12:11,1416
9/16/16 12:11,832
9/16/16 12:11,1403
9/16/16 12:17,895
9/16/16 14:04,147
9/16/16 14:04,454
9/16/16 14:07,317
9/16/16 14:11,689
9/16/16 14:23,1294
9/16/16 14:23,1298
9/16/16 14:29,1498
9/16/16 14:37,1393
9/16/16 14:37,1525
9/16/16 13:00,206
9/16/16 14:36,1451
9/16/16 14:52,702
9/16/16 15:04,989
9/16/16 15:09,1477
9/16/16 15:44,462
9/16/16 15:46,1311
9/19/16 9:43,1463
9/19/16 10:04,1461
9/19/16 10:11,1260
9/19/16 10:14,1138
9/19/16 10:39,621
9/19/16 10:20,619
9/19/16 10:20,668
9/19/16 10:20,515
9/19/16 10:20,662
9/19/16 10:22,656
9/19/16 10:25,311
9/19/16 10:37,1103
9/19/16 10:41,521
9/19/16 10:44,336
9/19/16 11:06,1215
9/19/16 11:12,292
9/19/16 11:13,727
9/19/16 11:13,498
9/19/16 11:15,786
9/19/16 11:15,1395
9/19/16 11:16,1366
9/19/16 11:41,1366
9/19/16 11:41,29
9/19/16 11:52,1366
9/19/16 11:52,31
9/19/16 12:08,87
9/19/16 12:12,1509
9/19/16 12:25,53
9/19/16 12:34,1151
9/19/16 13:10,1464
9/19/16 13:10,504
9/19/16 13:13,1180
9/19/16 13:13,308
9/19/16 13:14,633
9/19/16 13:14,108
9/19/16 13:32,391
9/19/16 14:06,1408
9/19/16 14:11,915
9/19/16 14:11,1053
9/19/16 14:18,96
9/19/16 14:42,550
9/19/16 14:51,147
9/19/16 14:52,55
9/19/16 14:59,1208
9/20/16 9:34,1111
9/20/16 9:34,1160
9/20/16 9:50,54
9/20/16 10:01,63
9/20/16 10:49,744
9/20/16 10:50,913
9/20/16 11:09,1422
9/20/16 11:14,442
9/20/16 11:15,502
9/20/16 11:22,1102
9/20/16 11:23,72
9/20/16 11:28,408
9/20/16 11:30,650
9/20/16 11:31,1220
9/20/16 12:32,358
9/20/16 12:52,290
9/20/16 13:03,231
9/20/16 13:45,487
9/20/16 14:22,493
9/20/16 14:54,777
9/20/16 15:09,1274
9/20/16 15:15,117
9/21/16 9:33,1388
9/21/16 10:16,744
9/21/16 10:26,1283
9/21/16 10:42,352
9/21/16 10:43,254
9/21/16 10:49,311
9/21/16 11:07,1417
9/21/16 11:09,685
9/21/16 11:34,1086
9/21/16 11:35,1193
9/21/16 11:41,339
9/21/16 11:42,1241
9/21/16 11:43,1399
9/21/16 12:00,348
9/21/16 12:02,1372
9/21/16 12:03,1486
9/21/16 12:12,614
9/21/16 12:35,87
9/21/16 12:45,789
9/21/16 12:46,338
9/21/16 13:06,1441
9/21/16 13:19,803
9/21/16 13:31,811
9/21/16 14:10,1429
9/21/16 14:19,1191
9/21/16 14:30,1268
9/21/16 14:30,1302
9/21/16 14:37,474
9/21/16 14:51,107
9/21/16 14:55,815
9/21/16 15:00,547
9/21/16 15:12,215
9/21/16 15:19,1029
9/21/16 15:19,1061
9/22/16 9:55,947
9/22/16 10:03,253
9/22/16 10:14,846
9/22/16 10:14,846
9/22/16 11:03,1078
9/22/16 11:12,889
9/22/16 11:27,1079
9/22/16 12:07,1039
9/22/16 12:07,1131
9/22/16 12:12,1417
9/22/16 12:13,421
9/22/16 12:14,843
9/22/16 12:17,739
9/22/16 12:17,1136
9/22/16 12:21,725
9/22/16 12:23,731
9/22/16 12:27,981
9/22/16 12:29,40
9/22/16 12:33,897
9/22/16 12:51,1044
9/22/16 12:51,954
9/22/16 12:52,1148
9/22/16 12:54,381
9/22/16 12:55,1434
9/22/16 12:58,1492
12/20/16 8:51,1527
9/22/16 13:27,284
9/22/16 14:12,1076
9/22/16 14:13,920
9/22/16 14:14,866
9/22/16 14:15,1135
9/22/16 15:30,87
12/20/16 8:51,884
9/23/16 10:38,1014
9/23/16 10:40,1376
9/23/16 10:43,161
9/23/16 10:58,874
9/23/16 11:11,1337
9/23/16 11:15,1095
9/23/16 11:15,1105
9/23/16 11:15,883
9/23/16 11:21,284
9/23/16 11:22,585
9/23/16 11:58,1531
9/23/16 12:02,361
9/23/16 12:10,1455
9/23/16 12:11,382
9/23/16 12:20,1291
9/23/16 12:53,967
9/23/16 13:11,373
9/23/16 13:35,1117
9/23/16 13:36,1183
9/23/16 13:37,510
9/23/16 13:43,1426
9/23/16 13:45,646
9/23/16 13:58,1172
9/23/16 13:59,772
9/23/16 14:12,1411
9/23/16 14:15,1459
9/23/16 14:21,1495
9/23/16 14:31,639
9/23/16 14:32,1458
9/23/16 14:32,1325
9/26/16 9:50,773
9/26/16 9:50,472
9/26/16 10:12,972
9/26/16 10:12,1001
9/26/16 10:18,902
9/26/16 10:36,1183
9/26/16 10:53,612
9/26/16 10:57,896
9/26/16 10:57,1083
9/26/16 10:58,1506
9/26/16 11:01,533
9/26/16 11:08,87
9/26/16 11:10,1263
9/26/16 11:10,1278
9/26/16 11:10,1307
9/26/16 11:19,1112
9/26/16 11:20,1438
9/26/16 11:38,754
9/26/16 11:43,1360
9/26/16 11:44,730
9/26/16 11:52,1366
9/26/16 11:54,1461
9/26/16 12:19,937
9/26/16 12:34,516
9/26/16 12:41,1037
9/26/16 13:12,240
9/26/16 13:15,707
9/26/16 14:15,1283
9/26/16 14:21,134
9/26/16 14:21,951
9/26/16 14:35,521
9/26/16 14:53,642
9/26/16 17:05,929
9/26/16 17:05,959
9/26/16 17:11,905
9/26/16 18:01,460
9/27/16 12:28,523
9/27/16 12:34,1476
9/27/16 12:42,539
9/27/16 12:46,254
9/27/16 13:00,1306
9/27/16 13:00,1297
9/27/16 13:07,160
9/27/16 13:16,1004
9/27/16 13:56,279
9/27/16 13:57,1310
9/27/16 14:09,371
9/27/16 14:55,886
9/27/16 15:02,989
9/28/16 9:24,53
9/28/16 9:44,884
9/28/16 10:08,254
9/28/16 10:27,87
9/28/16 10:29,139
9/28/16 10:34,1156
9/28/16 10:34,1101
9/28/16 10:44,670
9/28/16 11:08,336
9/28/16 11:18,1470
9/28/16 11:28,1470
9/28/16 11:28,14
9/28/16 11:40,1495
9/28/16 11:47,311
9/28/16 12:03,921
9/28/16 12:12,514
9/28/16 12:14,923
9/28/16 12:14,425
9/28/16 12:16,594
9/28/16 12:20,1039
9/28/16 12:38,1351
9/28/16 12:56,55
9/28/16 14:14,1190
9/28/16 14:14,424
9/28/16 14:15,958
9/29/16 9:39,1387
9/29/16 9:39,1520
9/29/16 12:29,1520
9/29/16 12:29,11
9/29/16 12:12,1131
9/29/16 12:42,1044
9/29/16 12:45,849
9/29/16 12:45,390
9/29/16 12:48,256
9/29/16 12:48,1359
9/29/16 13:14,1220
9/29/16 13:14,651
9/29/16 13:18,1206
9/29/16 13:27,1409
9/29/16 13:31,1110
9/29/16 14:16,87
9/29/16 14:20,569
9/29/16 14:21,443
9/29/16 14:22,1377
9/29/16 14:32,1293
9/29/16 14:32,1304
9/29/16 14:38,454
9/29/16 14:41,311
9/29/16 14:46,831
9/29/16 14:49,428
9/29/16 14:52,237
9/30/16 12:15,596
9/30/16 12:16,375
9/30/16 12:19,574
9/30/16 12:28,1530
9/30/16 12:45,689
9/30/16 12:48,1172
9/30/16 13:00,934
9/30/16 13:00,1011
9/30/16 13:04,1095
9/30/16 13:04,874
9/30/16 13:11,1461
9/30/16 13:14,308
9/30/16 13:15,1454
9/30/16 13:19,381
9/30/16 13:19,987
9/30/16 13:19,1168
9/30/16 13:19,1075
9/30/16 13:20,1189
9/30/16 13:20,1438
9/30/16 13:24,1393
9/30/16 13:25,1195
9/30/16 13:36,1010
9/30/16 13:56,1451
9/30/16 13:57,1525
9/30/16 13:58,1522
9/30/16 14:00,1389
9/30/16 14:03,291
9/30/16 14:08,1387
9/30/16 14:09,880
9/30/16 14:11,1495
9/30/16 14:12,1475
9/30/16 14:12,1434
9/30/16 14:13,1029
9/30/16 14:25,455
9/30/16 14:31,1252
9/30/16 14:34,1520
9/30/16 14:36,100
9/30/16 14:41,87
9/30/16 14:43,777
9/30/16 14:45,638
9/30/16 14:47,858
9/30/16 14:47,1308
9/30/16 14:53,1346
9/30/16 14:56,929
9/30/16 15:00,929
9/30/16 15:00,#N/A
9/30/16 15:11,1190
9/30/16 15:16,1273
9/30/16 15:16,1299
9/30/16 15:20,96
9/30/16 15:21,919
9/30/16 15:22,917
9/30/16 15:27,186
9/30/16 15:30,40
9/30/16 15:32,1154
9/30/16 15:32,240
9/30/16 15:39,785
9/30/16 15:40,825
9/30/16 15:40,785
9/30/16 15:41,825
9/30/16 15:43,443
9/30/16 15:45,1035
9/30/16 15:45,1183
9/30/16 15:47,679
9/1/16 11:19,1047
9/1/16 11:19,1407
9/1/16 11:22,1174
9/1/16 11:22,54
9/1/16 11:23,117
9/1/16 11:29,1145
9/1/16 11:48,924
9/1/16 11:49,388
9/1/16 11:49,325
9/1/16 11:53,1503
9/1/16 11:57,1042
9/1/16 11:57,970
9/1/16 12:01,930
9/1/16 12:04,139
9/1/16 12:08,46
9/1/16 12:22,860
9/1/16 12:35,335
9/1/16 12:44,519
9/1/16 12:46,1124
9/1/16 12:48,1270
9/1/16 12:51,553
9/1/16 12:52,615
9/1/16 13:01,702
9/1/16 13:02,867
9/1/16 13:48,1031
8/1/16 15:37,940
8/1/16 11:12,1138
8/1/16 11:12,937
8/1/16 11:14,786
8/1/16 11:18,889
8/1/16 11:40,911
8/1/16 11:48,87
8/1/16 12:09,286
8/1/16 12:23,930
8/1/16 12:45,1083
8/1/16 12:46,217
8/1/16 12:46,906
8/1/16 13:07,112
8/1/16 13:07,958
8/1/16 13:13,876
8/1/16 13:51,768
8/1/16 13:55,722
8/1/16 13:59,946
8/1/16 14:07,846
8/1/16 14:07,97
8/1/16 14:10,1041
8/1/16 14:14,359
8/1/16 14:25,113
8/1/16 14:42,1063
8/1/16 14:47,940
8/1/16 14:49,399
8/2/16 13:35,399
8/2/16 13:35,1557
8/1/16 15:27,1190
8/1/16 15:27,87
8/1/16 15:28,1182
8/2/16 13:35,1174
8/2/16 13:38,1189
8/2/16 13:50,1191
8/2/16 13:51,1229
8/2/16 14:07,913
8/2/16 14:15,989
8/2/16 14:29,627
8/2/16 14:30,547
8/2/16 15:07,1010
8/2/16 15:22,1055
8/2/16 15:23,1168
8/2/16 15:23,1075
8/2/16 15:28,846
8/2/16 16:13,170
8/2/16 16:13,215
8/3/16 10:19,798
8/3/16 13:34,798
8/3/16 13:34,1569
8/3/16 13:34,798
8/3/16 13:34,1566
8/3/16 12:19,421
8/3/16 12:29,350
8/3/16 12:38,361
8/3/16 12:42,320
8/3/16 12:43,480
8/3/16 12:47,318
8/3/16 13:08,723
8/3/16 13:12,811
8/3/16 13:37,234
8/3/16 14:09,97
8/3/16 14:17,260
8/3/16 14:20,95
8/3/16 14:20,806
8/3/16 14:21,46
8/3/16 14:37,1196
8/3/16 14:55,532
8/3/16 14:55,1232
8/3/16 15:06,828
8/3/16 15:10,898
8/3/16 15:11,994
8/3/16 15:12,352
8/3/16 15:13,662
8/3/16 15:21,235
8/3/16 15:37,462
8/4/16 10:28,455
8/4/16 11:05,1228
8/4/16 11:14,288
8/4/16 11:17,288
8/4/16 11:21,87
8/4/16 11:27,408
8/4/16 11:40,324
8/4/16 11:53,1117
8/4/16 12:19,474
8/4/16 12:22,44
8/4/16 12:22,503
8/4/16 12:29,1031
8/4/16 12:51,87
8/4/16 12:58,519
8/4/16 13:20,804
8/4/16 13:51,1095
8/4/16 14:10,505
8/4/16 14:29,1080
8/4/16 14:29,116
8/4/16 14:29,290
8/4/16 14:30,831
8/4/16 14:30,534
8/4/16 14:52,697
8/4/16 14:37,765
8/4/16 14:37,765
8/4/16 14:39,785
8/4/16 14:39,785
8/4/16 15:19,1234
8/4/16 15:20,1233
8/4/16 15:31,368
8/4/16 15:32,211
8/4/16 15:42,1089
8/5/16 9:46,328
8/5/16 9:59,382
8/5/16 10:03,199
8/5/16 10:03,114
8/5/16 10:21,618
8/5/16 11:05,744
8/5/16 11:48,1367
8/5/16 11:10,583
8/5/16 11:13,940
8/5/16 11:18,920
8/5/16 11:20,817
8/5/16 12:11,274
8/5/16 12:16,286
8/5/16 13:24,965
8/5/16 13:25,947
8/5/16 13:25,1094
8/5/16 14:00,727
8/5/16 14:04,1087
8/5/16 14:10,1055
8/5/16 14:10,562
8/5/16 14:35,699
8/5/16 14:36,1041
8/5/16 15:25,1213
8/5/16 15:59,301
8/5/16 15:59,415
8/5/16 16:18,1147
8/5/16 16:20,1089
8/8/16 11:22,1155
8/8/16 11:32,414
8/8/16 12:10,563
8/8/16 12:37,906
8/8/16 12:48,69
8/8/16 12:51,117
8/8/16 13:29,746
8/8/16 13:39,786
8/8/16 13:44,324
8/8/16 13:56,234
8/8/16 14:17,353
8/8/16 14:18,1055
8/8/16 14:19,562
8/8/16 14:22,877
8/8/16 14:22,1132
8/8/16 14:24,129
8/8/16 14:43,399
8/8/16 14:44,379
8/8/16 15:09,87
8/8/16 15:35,1174
8/8/16 16:29,1196
8/8/16 16:42,802
8/9/16 10:53,646
8/9/16 10:55,786
8/9/16 14:00,1189
8/9/16 14:11,1232
8/9/16 14:19,317
8/9/16 14:40,1117
8/9/16 14:49,97
8/9/16 15:20,699
8/9/16 15:26,73
8/9/16 15:26,1198
8/9/16 15:43,1168
8/9/16 15:43,1075
8/9/16 16:06,473
8/10/16 10:56,1147
8/10/16 11:10,1040
8/10/16 11:12,97
8/10/16 11:18,1215
8/10/16 11:41,463
8/10/16 12:00,200
8/10/16 12:15,474
8/10/16 12:21,642
8/10/16 12:40,1208
8/10/16 13:42,710
8/10/16 14:21,796
8/10/16 14:22,975
8/10/16 14:27,454
8/10/16 15:28,794
8/10/16 15:32,1202
8/10/16 16:02,137
8/10/16 16:10,930
8/11/16 11:11,947
8/11/16 11:37,237
8/11/16 11:37,1022
8/11/16 11:47,87
8/11/16 12:08,1284
8/11/16 12:45,1155
8/11/16 12:48,1093
8/11/16 12:48,1185
8/11/16 13:28,1051
8/11/16 13:55,318
8/11/16 14:47,1139
8/11/16 15:26,476
8/11/16 15:36,114
8/11/16 15:43,69
8/11/16 16:15,1231
8/11/16 16:15,1228
8/12/16 11:28,87
8/12/16 11:32,628
8/12/16 12:28,480
8/12/16 13:25,653
8/12/16 13:50,61
8/12/16 13:53,589
8/12/16 14:00,797
8/12/16 14:11,746
8/12/16 14:12,1190
8/12/16 14:14,761
8/12/16 14:27,331
8/12/16 14:28,719
8/12/16 15:05,1213
8/12/16 15:38,914
8/15/16 12:39,786
8/15/16 12:55,897
8/15/16 13:38,98
8/15/16 13:47,87
8/15/16 14:08,913
8/15/16 14:23,313
8/15/16 14:29,598
8/15/16 14:31,259
8/15/16 15:32,777
8/15/16 16:04,1147
8/30/16 13:44,897
8/30/16 13:44,87
8/30/16 13:44,879
8/30/16 13:45,973
8/30/16 13:45,572
8/30/16 13:46,605
8/30/16 13:46,538
8/30/16 13:47,1102
8/30/16 13:48,1044
8/30/16 13:48,641
8/30/16 13:53,619
8/30/16 13:53,1464
8/30/16 13:55,1441
8/30/16 14:04,543
8/30/16 14:07,1183
8/30/16 14:10,338
8/30/16 14:14,1208
8/30/16 14:15,1461
8/30/16 14:16,847
8/30/16 14:17,54
8/30/16 14:21,1268
8/30/16 14:22,442
8/30/16 14:25,815
8/30/16 14:26,1451
8/30/16 14:27,1393
8/30/16 14:27,1525
8/30/16 14:29,787
8/30/16 14:41,989
8/30/16 14:47,462
8/30/16 14:47,160
8/30/16 14:49,1477
8/30/16 14:50,1206
8/30/16 14:51,422
8/30/16 15:12,1078
8/30/16 15:12,601
8/30/16 15:17,1096
8/31/16 9:34,1078
8/31/16 9:34,1460
8/31/16 9:35,1417
8/31/16 9:39,641
8/31/16 10:10,1001
8/31/16 10:12,972
8/31/16 10:14,675
8/31/16 10:25,1112
8/31/16 10:28,400
8/31/16 10:28,455
8/31/16 10:31,1376
8/31/16 10:38,1011
8/31/16 10:46,382
8/31/16 10:56,1079
8/31/16 11:00,685
8/31/16 11:03,1428
8/31/16 11:04,1183
8/31/16 11:09,869
8/31/16 11:11,1475
8/31/16 11:15,786
8/31/16 11:18,828
8/31/16 11:23,1470
8/31/16 11:25,452
8/31/16 11:26,787
8/31/16 11:31,1451
8/31/16 11:32,442
8/31/16 11:33,1508
8/31/16 11:36,1525
8/31/16 11:38,990
8/31/16 11:44,588
8/31/16 11:47,603
8/31/16 12:00,1283
8/31/16 12:14,72
8/31/16 12:23,1142
8/31/16 12:23,479
8/31/16 13:09,108
8/31/16 13:13,947
8/31/16 13:14,731
8/31/16 13:15,1136
8/31/16 13:16,286
8/31/16 13:18,965
8/31/16 13:25,979
8/31/16 13:28,332
8/31/16 13:29,195
8/31/16 13:30,176
8/31/16 13:31,176
8/31/16 13:43,843
8/31/16 13:43,1131
8/31/16 13:46,372
8/31/16 13:46,981
8/31/16 13:46,923
8/31/16 13:51,1035
8/31/16 13:51,58
8/31/16 13:55,1067
8/31/16 14:11,1375
8/31/16 14:13,447
8/31/16 14:17,340
8/31/16 14:20,469
8/31/16 14:20,1399
8/31/16 14:21,270
8/31/16 14:26,1364
8/31/16 14:38,815
8/31/16 14:54,468
8/31/16 14:55,1205
8/31/16 15:03,831
7/1/16 11:02,991
7/1/16 11:02,1039
7/1/16 11:34,1055
7/1/16 11:33,111
7/1/16 11:49,165
7/1/16 12:28,1166
7/5/16 10:56,395
7/5/16 11:12,1147
7/5/16 12:23,706
7/5/16 12:27,545
7/5/16 12:43,727
7/5/16 12:43,292
7/5/16 14:06,811
7/5/16 14:06,1123
7/5/16 14:17,983
7/5/16 14:19,313
7/5/16 14:25,469
7/5/16 14:31,1202
7/5/16 14:36,528
7/5/16 14:36,527
7/5/16 15:12,527
7/5/16 15:12,1580
7/5/16 15:50,1089
7/6/16 22:02,1089
7/6/16 22:02,1552
7/6/16 22:02,1089
7/6/16 22:02,1562
7/6/16 22:02,1089
7/6/16 22:02,1563
7/6/16 22:02,1089
7/6/16 22:02,1573
7/6/16 22:03,1089
7/6/16 22:03,1568
7/6/16 22:03,1089
7/6/16 22:03,1561
7/6/16 22:03,1089
7/6/16 22:03,1583
7/6/16 22:03,1089
7/6/16 22:03,1578
7/6/16 22:03,1089
7/6/16 22:03,1548
7/6/16 22:04,1089
7/6/16 22:04,1574
7/6/16 22:04,1089
7/6/16 22:04,1592
7/6/16 22:04,1089
7/6/16 22:04,1585
7/7/16 10:17,744
7/7/16 11:28,856
7/7/16 11:28,937
7/7/16 11:28,1138
7/7/16 11:37,914
7/7/16 12:26,930
7/7/16 12:29,68
7/7/16 13:17,463
7/7/16 13:36,928
7/7/16 14:54,1190
7/7/16 16:01,462
7/7/16 16:08,699
7/7/16 16:19,408
7/11/16 14:21,408
7/11/16 14:21,1550
7/8/16 10:36,1166
7/8/16 10:39,828
7/8/16 11:00,691
7/8/16 11:13,712
7/8/16 11:51,888
7/8/16 11:51,564
7/8/16 13:18,965
7/8/16 13:19,1094
7/8/16 14:16,1204
7/8/16 14:25,485
7/8/16 14:28,1284
7/8/16 15:48,880
7/11/16 11:09,798
7/11/16 11:22,855
7/11/16 12:30,811
7/11/16 12:37,753
7/11/16 12:44,414
7/11/16 12:44,563
7/11/16 12:47,360
7/11/16 13:20,313
7/11/16 13:20,1239
7/11/16 13:45,1086
7/11/16 14:09,1055
7/11/16 14:11,562
7/11/16 14:20,86
7/11/16 14:42,46
7/11/16 14:43,46
7/11/16 14:43,1588
7/11/16 15:09,371
7/11/16 15:10,352
7/11/16 15:29,153
7/11/16 15:30,402
7/11/16 15:55,68
7/12/16 9:12,234
7/12/16 11:13,128
7/12/16 11:13,1389
7/12/16 11:13,107
7/12/16 11:13,460
7/12/16 11:22,231
7/12/16 11:26,455
7/12/16 11:26,400
7/12/16 12:34,545
7/12/16 12:44,906
7/12/16 12:46,235
7/12/16 12:48,466
7/12/16 13:07,889
7/12/16 13:10,1189
7/12/16 13:31,884
7/12/16 14:36,503
7/12/16 14:42,402
7/12/16 14:49,1050
7/12/16 14:50,888
7/12/16 16:55,913
7/13/16 13:25,913
7/13/16 13:25,1558
7/13/16 10:02,104
7/13/16 10:11,463
7/13/16 10:27,382
7/13/16 10:38,225
7/13/16 10:38,114
7/13/16 11:29,882
7/13/16 11:46,438
7/13/16 11:50,97
7/13/16 11:59,107
7/13/16 12:05,320
7/13/16 12:20,1213
7/13/16 12:30,1192
7/13/16 12:33,419
7/13/16 12:37,785
7/13/16 12:37,697
7/13/16 12:37,765
7/13/16 12:37,697
7/13/16 12:37,785
7/13/16 12:37,765
7/13/16 13:25,619
7/13/16 13:27,1086
7/13/16 13:43,855
7/13/16 13:49,702
7/13/16 13:49,359
7/13/16 14:22,1096
7/13/16 14:24,937
7/13/16 14:25,1138
7/13/16 14:32,1053
7/13/16 15:02,1041
7/13/16 15:24,1133
7/13/16 15:39,786
7/14/16 10:17,400
7/14/16 10:17,455
7/14/16 11:12,1161
7/14/16 11:27,874
7/14/16 11:37,170
7/14/16 11:37,211
7/14/16 11:41,701
7/14/16 12:02,811
7/14/16 12:11,911
7/14/16 12:12,972
7/14/16 12:13,1031
7/14/16 13:49,897
7/14/16 14:13,1041
7/14/16 14:38,235
7/14/16 15:05,199
7/14/16 15:32,1075
7/14/16 15:34,846
7/14/16 15:49,460
7/15/16 10:13,1192
7/15/16 11:23,271
7/15/16 12:04,482
7/15/16 13:14,693
7/15/16 13:33,884
7/15/16 13:49,426
7/15/16 14:07,1168
7/15/16 14:43,1174
7/15/16 14:52,602
7/15/16 13:55,855
7/15/16 15:12,1101
7/15/16 15:29,731
7/15/16 15:30,1136
7/15/16 15:39,300
7/15/16 15:39,434
7/15/16 15:39,1190
7/15/16 15:39,87
7/15/16 15:42,590
7/16/16 15:10,1193
7/16/16 15:11,348
7/16/16 15:57,1089
7/18/16 11:24,522
7/18/16 12:00,633
7/18/16 12:07,811
7/18/16 12:47,469
7/18/16 12:55,144
7/18/16 13:39,930
7/18/16 14:02,1067
7/18/16 14:46,350
7/18/16 15:46,63
7/18/16 16:04,786
7/19/16 11:12,87
7/19/16 11:15,1374
7/19/16 12:20,480
7/19/16 12:24,168
7/19/16 12:28,107
7/19/16 13:07,835
7/19/16 13:19,835
7/19/16 13:19,1576
7/19/16 13:54,1132
7/19/16 13:58,1093
7/19/16 13:58,1185
7/19/16 14:18,855
7/19/16 14:38,622
7/19/16 14:46,622
7/19/16 14:46,1590
7/19/16 14:47,454
7/19/16 15:30,827
7/19/16 15:41,1189
7/20/16 11:22,874
7/20/16 11:39,882
7/20/16 13:52,593
7/20/16 13:54,593
7/20/16 13:54,1551
7/20/16 13:54,593
7/20/16 13:54,1584
7/20/16 13:54,593
7/20/16 13:54,1587
7/20/16 13:55,593
7/20/16 13:55,1571
7/20/16 13:57,352
7/20/16 14:06,1095
7/20/16 14:08,97
7/20/16 14:12,108
7/20/16 15:10,662
7/20/16 15:13,662
7/20/16 15:13,1555
7/21/16 11:07,551
7/21/16 11:56,324
7/21/16 13:19,876
7/21/16 13:21,911
7/21/16 13:23,655
7/21/16 13:26,761
7/21/16 13:31,761
7/21/16 13:31,1572
7/21/16 13:55,107
7/21/16 14:35,831
7/21/16 14:37,1196
7/21/16 14:39,290
7/21/16 15:01,603
7/21/16 15:13,1133
7/21/16 15:20,463
7/21/16 15:52,170
7/21/16 16:47,1075
7/21/16 16:55,557
7/21/16 17:26,557
7/21/16 17:26,1591
7/21/16 17:21,1317
7/21/16 17:21,1230
7/21/16 17:28,281
7/22/16 11:41,324
7/22/16 12:20,1147
7/22/16 12:39,1117
7/22/16 13:37,1072
7/22/16 13:53,946
7/22/16 13:58,1137
7/22/16 14:16,377
7/22/16 14:24,793
7/22/16 14:59,301
7/22/16 15:06,795
7/22/16 15:52,69
7/25/16 11:35,696
7/25/16 11:57,943
7/25/16 12:22,318
7/25/16 12:22,336
7/25/16 12:43,906
7/25/16 12:49,414
7/25/16 12:52,399
7/25/16 12:52,435
7/25/16 12:52,277
7/25/16 13:20,317
7/25/16 13:21,107
7/25/16 13:21,460
7/25/16 13:22,913
7/25/16 13:23,646
7/25/16 13:26,438
7/25/16 13:43,621
7/25/16 13:45,1063
7/25/16 13:47,200
7/25/16 14:46,1066
7/26/16 10:42,400
7/26/16 10:44,501
7/26/16 10:50,1086
7/26/16 11:16,744
7/26/16 13:22,875
7/26/16 12:37,120
7/26/16 12:40,590
7/26/16 12:40,1204
7/26/16 12:42,1214
7/26/16 12:48,547
7/26/16 12:49,627
7/26/16 13:00,1021
7/26/16 13:29,1179
7/26/16 13:39,1095
7/26/16 13:50,943
7/26/16 13:51,313
7/26/16 13:59,503
7/26/16 14:22,884
7/26/16 14:26,848
7/26/16 15:00,1284
7/26/16 15:12,1284
7/26/16 15:12,1586
7/26/16 15:23,699
7/26/16 15:27,114
7/26/16 15:41,572
7/26/16 16:14,462
7/26/16 16:15,439
7/26/16 16:21,268
7/27/16 9:19,633
7/27/16 10:49,58
7/27/16 11:13,95
7/27/16 11:36,399
7/27/16 11:48,727
7/27/16 12:11,897
7/27/16 12:32,989
7/27/16 12:50,317
7/27/16 13:02,805
7/27/16 13:04,1117
7/27/16 13:36,46
7/27/16 13:50,97
7/27/16 14:08,1123
7/27/16 14:17,353
7/27/16 14:22,1239
7/27/16 14:53,1053
7/27/16 15:22,1168
7/27/16 16:54,1066
7/28/16 12:25,717
7/28/16 12:25,533
7/28/16 12:55,619
7/28/16 13:08,1119
7/28/16 14:13,547
7/28/16 15:22,1139
7/28/16 16:08,1228
7/29/16 11:11,914
7/29/16 11:34,69
7/29/16 12:10,286
7/29/16 12:18,382
7/29/16 12:19,693
7/29/16 12:26,880
7/29/16 12:35,131
7/29/16 12:35,468
7/29/16 12:36,1205
7/29/16 13:01,1213
7/29/16 13:12,454
7/29/16 13:21,920
7/29/16 13:40,1094
7/29/16 13:40,965
7/29/16 13:41,422
7/29/16 13:42,589
7/29/16 13:46,958
7/29/16 13:46,49
7/29/16 14:03,846
7/29/16 14:04,419
7/29/16 14:46,236
7/29/16 14:49,117
7/29/16 15:10,551
7/29/16 15:11,552
7/29/16 15:18,95
7/29/16 15:19,78
7/29/16 15:36,61
7/29/16 15:51,1147
7/29/16 15:59,58
6/1/16 10:50,1152
6/1/16 10:42,943
6/1/16 10:43,633
6/1/16 10:48,232
6/1/16 10:53,76
6/1/16 11:09,188
6/1/16 12:27,460
6/1/16 13:46,890
6/1/16 13:47,81
6/1/16 13:59,295
6/1/16 14:13,516
6/2/16 12:38,646
6/2/16 13:29,646
6/2/16 14:09,828
6/3/16 11:19,274
6/3/16 11:23,482
6/3/16 11:49,1235
6/3/16 11:51,786
6/3/16 12:03,931
6/3/16 12:16,1155
6/3/16 12:16,1051
6/3/16 12:45,81
6/3/16 13:15,454
6/3/16 16:32,890
6/6/16 11:27,590
6/6/16 12:26,823
6/6/16 12:26,86
6/6/16 12:27,286
6/6/16 12:48,815
6/6/16 12:48,165
6/6/16 15:52,129
6/6/16 15:53,1178
6/7/16 9:36,1089
6/7/16 10:55,785
6/7/16 10:58,697
6/7/16 10:58,697
6/7/16 10:58,785
6/7/16 11:02,765
6/7/16 11:03,765
6/7/16 11:31,236
6/7/16 12:50,271
6/7/16 12:50,147
6/7/16 12:57,906
6/7/16 13:22,1189
6/7/16 14:19,536
6/7/16 14:25,46
6/7/16 15:31,693
6/8/16 11:30,940
6/8/16 12:08,880
6/8/16 12:18,602
6/8/16 12:34,1202
6/8/16 12:55,474
6/8/16 14:26,231
6/8/16 15:33,1139
6/8/16 15:49,431
6/9/16 13:11,1174
6/9/16 10:30,1215
6/9/16 11:02,943
6/9/16 11:34,1168
6/9/16 11:55,1075
6/9/16 12:26,480
6/9/16 12:33,96
6/9/16 13:13,897
6/9/16 13:27,439
6/9/16 14:50,509
6/9/16 14:56,617
6/9/16 15:16,617
6/9/16 15:16,1559
6/9/16 15:15,451
6/9/16 15:52,451
6/9/16 15:52,1594
6/9/16 15:54,573
6/9/16 16:13,1031
6/9/16 16:25,1191
6/10/16 10:09,1166
6/10/16 11:07,545
6/10/16 11:45,628
6/10/16 15:20,599
6/10/16 15:20,647
6/10/16 13:59,1079
6/10/16 14:21,447
6/10/16 15:39,522
6/10/16 16:06,503
6/13/16 10:57,1166
6/13/16 13:45,68
6/13/16 13:45,1021
6/13/16 14:09,485
6/13/16 14:09,505
6/13/16 16:33,505
6/13/16 16:33,1564
6/14/16 10:08,463
6/14/16 10:59,1106
6/14/16 12:05,347
6/14/16 12:13,347
6/14/16 12:13,1593
6/14/16 12:14,628
6/14/16 12:37,746
6/14/16 12:43,348
6/14/16 13:01,1039
6/14/16 14:29,733
6/14/16 14:29,426
6/14/16 15:09,252
6/14/16 15:11,1196
6/14/16 15:31,638
6/14/16 16:12,156
6/15/16 9:28,260
6/15/16 9:48,1152
6/15/16 10:17,86
6/15/16 10:54,324
6/15/16 11:02,1179
6/15/16 11:32,695
6/17/16 14:30,695
6/17/16 14:30,1579
6/15/16 13:23,1086
6/15/16 13:32,457
6/15/16 14:15,185
6/15/16 14:15,611
6/15/16 14:15,913
6/15/16 14:26,948
6/15/16 15:17,301
6/15/16 15:51,73
6/16/16 10:42,188
6/16/16 10:52,646
6/16/16 11:10,58
6/16/16 11:31,633
6/16/16 11:35,1084
6/16/16 13:41,884
6/16/16 14:21,906
6/16/16 14:21,455
6/16/16 14:22,509
6/16/16 15:08,347
6/16/16 15:13,81
6/16/16 15:19,170
6/16/16 15:47,288
6/16/16 16:13,439
6/17/16 10:27,274
6/17/16 11:04,602
6/17/16 11:18,795
6/17/16 11:37,117
6/17/16 11:51,545
6/17/16 12:01,86
6/17/16 14:30,86
6/17/16 14:30,1556
6/17/16 14:31,86
6/17/16 14:31,1570
6/17/16 14:33,1123
6/17/16 15:19,653
6/17/16 15:20,400
6/17/16 15:35,940
6/20/16 19:51,940
6/20/16 19:51,1567
6/20/16 19:51,940
6/20/16 19:51,1575
6/20/16 19:51,940
6/20/16 19:51,1549
6/20/16 11:24,937
6/20/16 11:58,454
6/20/16 12:44,727
6/20/16 12:45,1039
6/20/16 12:46,906
6/20/16 13:09,913
6/20/16 13:36,780
6/20/16 14:57,1089
6/21/16 13:42,1086
6/21/16 14:08,888
6/21/16 14:08,1050
6/21/16 14:40,1139
6/21/16 15:37,153
6/21/16 15:38,1132
6/21/16 17:13,855
6/21/16 17:59,623
6/22/16 10:07,104
6/22/16 10:17,86
6/22/16 10:19,382
6/22/16 11:11,1031
6/22/16 11:24,552
6/22/16 11:24,761
6/22/16 11:59,1205
6/22/16 13:34,1205
6/22/16 13:34,1581
6/22/16 13:34,1205
6/22/16 13:34,1588
6/22/16 13:34,1205
6/22/16 13:34,1582
6/22/16 14:09,463
6/22/16 14:16,421
6/22/16 14:48,117
6/22/16 15:16,1189
6/22/16 15:16,624
6/22/16 15:42,1144
6/23/16 10:31,107
6/23/16 11:26,97
6/23/16 12:12,811
6/23/16 12:21,231
6/23/16 12:22,1189
6/23/16 12:43,679
6/23/16 13:24,246
6/23/16 13:30,1185
6/23/16 14:22,1155
6/23/16 14:25,1051
6/23/16 14:41,1192
6/23/16 14:50,503
6/23/16 14:51,352
6/23/16 15:12,81
6/23/16 16:25,1236
6/23/16 17:02,137
6/24/16 13:05,547
6/24/16 13:05,687
6/24/16 13:19,1106
6/24/16 14:52,1106
6/24/16 14:52,1560
6/24/16 13:24,1106
6/24/16 13:24,1589
6/24/16 13:32,745
6/24/16 13:33,537
6/24/16 13:56,44
6/24/16 14:01,522
6/24/16 14:02,46
6/24/16 14:03,46
6/24/16 14:03,1588
6/24/16 14:13,1016
6/24/16 14:18,474
6/24/16 14:55,364
6/24/16 14:55,498
6/24/16 15:30,447
6/27/16 11:03,462
6/27/16 11:41,107
6/27/16 11:41,855
6/27/16 11:48,426
6/27/16 11:55,426
6/27/16 11:55,1565
6/27/16 12:12,426
6/27/16 12:12,16
6/27/16 12:32,1039
6/27/16 12:36,619
6/27/16 12:51,480
6/27/16 14:16,937
6/27/16 14:16,1138
6/27/16 14:17,408
6/27/16 14:22,946
6/27/16 15:02,1056
6/27/16 15:04,170
6/27/16 15:06,884
6/27/16 15:10,638
6/27/16 15:17,1192
6/27/16 15:17,1053
6/27/16 15:26,515
6/27/16 15:34,652
6/27/16 15:35,897
6/27/16 15:39,368
6/27/16 15:41,119
6/27/16 15:51,768
6/27/16 16:05,590
6/27/16 16:17,692
6/28/16 10:15,455
6/28/16 10:17,400
6/28/16 10:18,1185
6/28/16 10:40,172
6/28/16 11:22,914
6/28/16 11:24,946
6/28/16 11:25,717
6/28/16 11:28,727
6/28/16 11:28,320
6/28/16 11:32,733
6/28/16 12:33,1213
6/28/16 12:33,603
6/28/16 12:35,86
6/28/16 12:49,114
6/28/16 13:11,315
6/28/16 13:26,315
6/28/16 13:26,1554
6/28/16 13:43,1095
6/28/16 14:14,875
6/28/16 14:25,874
6/28/16 14:25,874
6/28/16 14:25,1577
6/28/16 15:16,519
6/28/16 15:43,1144
6/28/16 15:44,547
6/28/16 15:44,627
6/28/16 15:45,473
6/29/16 10:21,260
6/29/16 10:29,972
6/29/16 10:54,1117
6/29/16 11:20,1138
6/29/16 11:32,855
6/29/16 12:23,73
6/29/16 12:38,414
6/29/16 12:38,563
6/29/16 12:49,313
11/3/16 18:04,646
6/29/16 12:56,107
6/29/16 13:03,678
6/29/16 13:07,519
6/29/16 13:10,811
6/29/16 13:31,61
6/29/16 13:54,1174
6/29/16 14:00,337
6/29/16 14:00,780
6/29/16 14:04,1123
6/29/16 14:09,1055
6/29/16 14:12,288
6/29/16 14:14,846
6/29/16 14:14,781
6/29/16 14:32,132
6/29/16 14:32,469
6/29/16 14:43,1095
6/29/16 14:43,1113
6/29/16 14:53,874
6/29/16 14:59,621
6/29/16 15:00,740
6/29/16 15:01,1053
6/29/16 15:13,498
6/30/16 11:55,486
6/30/16 11:56,992
6/30/16 12:20,975
6/30/16 12:24,831
6/30/16 12:46,536
6/30/16 14:08,536
6/30/16 14:08,9
6/30/16 14:08,875
6/30/16 14:15,562
6/30/16 14:22,97
6/30/16 14:48,786
6/30/16 14:53,236
6/30/16 15:02,846
6/30/16 15:02,1133
6/30/16 15:25,473
6/30/16 15:52,768
6/30/16 15:54,462
6/30/16 16:31,462
6/30/16 16:31,1553
5/2/16 11:39,1079
5/2/16 11:50,1031
5/2/16 12:03,754
5/2/16 12:07,176
5/2/16 12:16,662
5/2/16 12:18,599
5/2/16 12:27,1202
5/2/16 12:38,152
5/2/16 12:49,155
5/2/16 12:52,61
5/2/16 12:57,442
5/2/16 13:00,1086
5/2/16 14:27,236
5/2/16 14:41,55
5/2/16 14:45,896
5/2/16 15:01,167
5/2/16 15:49,1201
5/2/16 15:59,692
5/2/16 16:02,229
5/2/16 16:03,230
5/3/16 11:35,176
5/3/16 11:48,532
5/3/16 11:51,352
5/3/16 12:07,1034
5/3/16 12:13,647
5/3/16 12:18,226
5/3/16 12:18,496
5/3/16 12:27,611
5/3/16 13:03,626
5/3/16 13:23,252
5/3/16 13:37,1092
5/3/16 13:58,1080
5/3/16 13:59,1149
5/3/16 14:03,463
5/3/16 14:06,795
5/3/16 14:35,371
5/3/16 14:44,126
5/3/16 15:07,27
5/3/16 15:07,790
5/3/16 15:36,574
5/3/16 15:37,940
5/4/16 10:22,930
5/4/16 10:22,942
5/4/16 10:33,286
5/4/16 12:05,801
5/4/16 12:16,314
5/4/16 12:45,83
5/5/16 10:13,86
5/5/16 10:28,555
5/5/16 10:50,1085
5/5/16 10:55,107
5/5/16 11:15,198
5/5/16 11:51,431
5/5/16 12:55,625
5/5/16 12:36,628
5/5/16 12:45,97
5/5/16 13:11,1102
5/5/16 13:32,768
5/5/16 13:46,478
5/5/16 13:46,836
5/5/16 14:00,447
5/5/16 14:28,798
5/5/16 14:34,777
5/5/16 14:42,162
5/5/16 15:11,421
5/5/16 15:15,148
5/5/16 15:15,227
5/5/16 15:28,97
5/6/16,592
5/9/16 10:55,567
5/9/16 11:31,607
5/9/16 11:36,811
5/9/16 11:39,523
5/9/16 11:39,1061
5/9/16 12:21,238
5/9/16 13:09,585
5/9/16 13:21,401
5/9/16 13:28,538
5/9/16 14:07,584
5/9/16 14:08,776
5/9/16 14:32,455
5/9/16 14:48,455
5/9/16 14:48,1536
5/11/16 0:00,455
5/11/16 0:00,1602
5/11/16 0:00,455
5/11/16 0:00,1598
5/11/16 0:00,455
5/11/16 0:00,1599
5/11/16 0:00,455
5/11/16 0:00,1600
5/11/16 12:12,421
5/11/16 12:30,588
5/11/16 12:30,754
5/11/16 12:35,628
5/11/16 13:03,42
5/11/16 13:06,76
5/11/16 13:34,167
5/11/16 13:38,46
5/11/16 13:39,708
5/11/16 13:40,848
5/11/16 13:54,1172
5/11/16 13:55,141
5/11/16 14:07,725
5/11/16 14:07,524
5/11/16 14:23,442
5/11/16 14:28,411
5/11/16 14:32,288
5/11/16 16:08,251
5/11/16 16:24,1010
5/11/16 16:28,99
5/13/16 12:03,603
5/13/16 12:34,585
5/13/16 12:37,231
5/13/16 12:57,86
5/13/16 13:39,1039
6/16/16 14:53,455
4/4/16 12:17,176
4/4/16 10:19,115
4/4/16 10:22,1031
4/4/16 10:39,302
4/4/16 11:11,587
4/4/16 11:19,124
4/4/16 11:25,909
4/4/16 11:49,75
4/4/16 12:07,551
4/4/16 12:10,1192
4/4/16 12:12,552
4/4/16 12:19,662
4/4/16 12:21,63
4/4/16 12:41,463
4/4/16 13:12,754
4/4/16 13:29,1161
4/4/16 13:52,1179
4/4/16 14:10,438
4/4/16 14:11,612
4/4/16 14:11,371
4/4/16 14:15,1061
4/4/16 14:24,634
4/4/16 14:24,755
4/4/16 14:27,178
4/4/16 14:27,33
4/4/16 14:43,68
4/4/16 14:57,1085
4/4/16 14:57,28
4/4/16 15:11,800
4/4/16 15:15,1123
4/4/16 15:26,921
4/4/16 15:26,1133
4/5/16 10:13,484
4/5/16 10:16,86
4/5/16 10:20,26
4/5/16 10:20,709
4/5/16 12:01,231
4/5/16 12:37,1060
4/5/16 12:37,1114
4/5/16 12:41,1189
4/5/16 12:44,403
4/5/16 12:44,717
4/5/16 12:44,267
4/5/16 12:45,678
4/5/16 12:45,252
4/5/16 12:59,606
4/5/16 13:01,643
4/5/16 13:01,701
4/5/16 13:01,660
4/5/16 13:08,848
4/5/16 13:13,229
4/5/16 13:30,128
4/5/16 13:56,1210
4/5/16 14:01,176
4/5/16 14:12,751
4/5/16 14:13,409
4/5/16 14:13,1073
4/5/16 14:15,352
4/5/16 14:18,1071
4/5/16 14:59,175
4/5/16 15:21,519
4/6/16 10:10,167
4/6/16 11:41,454
4/6/16 12:15,1086
4/6/16 12:15,125
4/6/16 12:37,54
4/6/16 13:13,929
4/6/16 14:10,270
4/6/16 14:46,554
4/6/16 15:20,135
4/6/16 15:22,553
4/6/16 15:23,913
4/7/16 11:44,628
4/7/16 12:17,390
4/7/16 12:30,658
4/7/16 12:42,477
4/7/16 12:42,597
4/7/16 12:43,694
4/7/16 12:50,1164
4/7/16 13:01,785
4/7/16 13:07,697
4/7/16 13:39,811
4/7/16 14:11,474
4/7/16 14:20,174
4/7/16 14:25,244
4/7/16 14:25,361
4/7/16 14:58,361
4/7/16 14:58,#N/A
4/8/16,236
4/8/16,828
4/8/16,646
,795
4/8/16,406
4/8/16,228
4/8/16,585
4/8/16,648
4/8/16,582
4/8/16,155
4/8/16,447
4/8/16,129
4/8/16,855
4/11/16 10:18,296
4/11/16 10:20,480
4/11/16 11:19,68
4/11/16 11:19,1079
4/11/16 11:36,782
4/11/16 11:49,1134
4/11/16 12:12,1134
4/11/16 12:12,1604
4/11/16 12:14,260
4/11/16 12:17,402
4/11/16 12:32,930
4/11/16 12:32,1102
4/11/16 12:57,78
4/11/16 13:01,747
4/11/16 13:23,107
4/11/16 13:51,791
4/11/16 13:52,212
4/11/16 13:58,638
4/11/16 14:05,55
4/11/16 14:10,612
4/11/16 14:10,408
4/11/16 14:17,301
4/11/16 14:36,66
4/11/16 15:00,1021
4/11/16 15:22,27
"4/12/16, 12:20",631
4/12/16 12:25,503
4/12/16 12:43,1038
"4/12/16, 12:50",662
"4/12/16, 13:10",1236
4/12/16,530
4/12/16,1221
,432
"4/12/16, 3:08:00 PM",123
"4/12/16, 3:10:00 PM",226
4/13/16 12:41,1091
4/13/16 12:56,327
4/13/16 13:25,936
4/13/16 13:54,94
4/13/16 13:58,679
4/13/16 14:09,157
4/13/16 14:12,1193
4/13/16 14:14,457
4/13/16 14:16,1085
4/13/16 14:42,575
4/13/16 14:56,764
4/13/16 15:13,1194
4/13/16 15:17,293
4/13/16 15:27,63
4/14/16 9:40,86
4/14/16 9:57,1206
4/14/16 10:40,588
4/14/16 11:00,1164
4/14/16 11:11,376
4/14/16 11:36,466
4/14/16 11:45,734
4/14/16 11:56,271
4/14/16 12:06,558
4/14/16 12:06,193
4/14/16 12:06,756
4/14/16 12:09,105
4/14/16 12:10,976
4/14/16 12:11,1134
4/14/16 12:37,833
4/14/16 12:39,544
4/14/16 12:54,798
4/14/16 12:56,1147
4/14/16 12:56,403
4/14/16 12:56,748
4/14/16 13:00,1164
4/14/16 13:10,612
4/14/16 13:14,262
4/14/16 13:24,107
4/14/16 13:31,574
4/14/16 13:32,940
4/14/16 13:35,76
4/14/16 14:13,556
4/14/16 14:18,42
4/14/16 14:23,708
4/14/16 14:24,1061
4/14/16 14:24,830
4/14/16 14:39,44
4/14/16 15:03,559
4/14/16 15:12,1143
4/14/16 15:13,458
4/14/16 15:16,1189
4/14/16 15:17,519
4/14/16 15:18,460
4/14/16 15:22,620
4/14/16 15:29,430
4/14/16 15:29,586
4/14/16 17:31,646
4/15/16 12:20,163
4/15/16 12:40,61
4/15/16 12:49,454
4/15/16 13:52,955
4/15/16 13:56,1037
4/15/16 14:02,522
4/15/16 14:13,438
4/15/16 14:25,1090
4/15/16 14:25,1077
4/15/16 15:08,508
4/18/16 9:58,86
4/18/16 10:12,132
4/18/16 10:12,1123
4/18/16 10:30,1031
4/18/16 11:17,716
4/18/16 11:34,786
4/18/16 11:58,607
4/18/16 12:02,75
4/18/16 12:14,442
4/18/16 12:20,313
4/18/16 12:37,811
4/18/16 12:38,930
4/18/16 13:00,46
4/18/16 13:13,754
4/18/16 13:23,1215
4/18/16 13:38,463
4/18/16 14:12,1025
4/18/16 14:20,473
4/18/16 14:48,269
4/18/16 15:08,800
4/19/16 10:20,777
4/19/16 11:08,981
4/19/16 11:08,907
4/19/16 11:10,798
4/19/16 11:39,426
4/19/16 11:55,58
4/19/16 12:30,679
4/19/16 12:30,250
4/19/16 12:48,159
4/19/16 12:48,146
4/19/16 12:53,1191
4/19/16 13:09,628
4/19/16 13:09,637
4/19/16 13:20,670
4/19/16 13:20,738
4/19/16 13:42,601
4/19/16 14:01,33
4/19/16 14:08,241
4/19/16 14:09,76
4/19/16 14:11,507
4/19/16 14:13,113
4/19/16 14:17,1086
4/19/16 14:39,1071
4/19/16 15:12,544
4/19/16 15:12,734
4/19/16 15:17,266
4/19/16 15:23,595
4/20/16 10:29,167
4/20/16 12:14,165
4/20/16 12:15,815
4/20/16 12:15,272
4/20/16 12:15,409
4/20/16 12:20,1034
4/20/16 12:22,1034
4/20/16 12:29,431
4/20/16 13:10,411
4/20/16 13:24,560
4/20/16 14:20,896
4/20/16 14:59,805
4/21/16 9:39,357
4/21/16 10:42,481
4/21/16 10:55,207
4/21/16 11:06,573
4/21/16 11:06,199
4/21/16 11:16,722
4/21/16 11:17,1170
4/21/16 11:36,1192
4/21/16 11:58,326
4/21/16 12:43,216
4/21/16 12:43,657
4/21/16 12:44,210
4/21/16 12:44,209
4/21/16 12:44,769
4/21/16 13:09,288
4/21/16 13:09,436
4/27/16 10:50,811
4/21/16 14:04,603
4/21/16 14:05,97
4/21/16 14:44,174
4/21/16 14:56,507
4/22/16 12:58,733
4/22/16 14:17,1179
4/22/16 14:54,855
4/25/16 13:31,133
4/25/16 13:32,267
4/25/16 13:36,717
4/25/16 14:05,110
4/25/16 14:06,638
4/25/16 14:10,1085
4/25/16 14:15,768
4/25/16 14:19,671
4/25/16 14:22,721
4/25/16 14:24,752
4/25/16 14:52,872
4/25/16 14:59,171
4/25/16 15:08,636
4/26/16 10:28,909
4/26/16 11:06,208
4/26/16 11:33,113
4/26/16 11:54,231
4/26/16 12:01,97
4/26/16 12:05,612
4/26/16 12:09,535
4/26/16 13:08,929
4/26/16 14:19,1073
4/26/16 14:19,1143
4/26/16 14:31,197
4/26/16 14:47,588
4/26/16 14:54,220
4/26/16 14:59,473
4/26/16 15:12,252
4/26/16 15:29,450
4/27/16 10:44,520
4/27/16 11:04,529
4/27/16 11:14,454
4/27/16 11:36,158
4/27/16 11:59,646
4/27/16 12:13,209
4/27/16 12:13,442
4/27/16 12:14,79
4/27/16 12:14,543
4/27/16 12:19,1191
4/27/16 12:22,85
4/27/16 12:26,523
4/27/16 12:34,384
4/27/16 12:52,54
4/27/16 13:02,72
4/27/16 13:04,776
4/27/16 13:17,42
4/27/16 13:18,103
4/27/16 13:18,41
4/27/16 13:27,1206
4/27/16 13:43,1038
4/27/16 14:04,239
4/27/16 14:04,437
4/27/16 14:08,457
4/27/16 14:13,1193
4/27/16 14:17,334
4/27/16 14:24,810
4/27/16 14:29,810
4/27/16 14:29,#N/A
4/27/16 14:29,464
4/27/16 14:55,278
4/27/16 15:09,269
4/27/16 15:09,365
4/27/16 15:17,591
4/27/16 15:18,251
4/27/16 15:21,683
4/27/16 15:27,673
4/28/16 10:29,588
4/28/16 10:34,412
4/28/16 10:37,163
4/28/16 10:41,503
4/28/16 10:47,503
4/28/16 10:47,1601
4/28/16 10:59,1164
4/28/16 11:08,543
4/28/16 11:11,559
4/28/16 11:17,1092
4/28/16 11:18,777
4/28/16 11:53,565
4/28/16 12:01,503
4/28/16 12:06,605
4/28/16 12:15,207
4/28/16 12:23,833
4/28/16 12:25,260
4/28/16 12:27,1129
4/28/16 12:28,684
4/28/16 12:37,421
4/28/16 12:55,538
4/28/16 12:57,794
4/28/16 12:58,86
4/28/16 13:00,523
4/28/16 13:18,573
4/28/16 13:18,964
4/28/16 13:19,541
4/28/16 13:20,348
4/28/16 13:21,408
4/28/16 13:29,1070
4/28/16 13:31,191
4/28/16 13:36,97
4/28/16 13:39,39
4/28/16 13:51,364
4/28/16 13:51,242
4/28/16 13:59,347
4/28/16 14:02,803
4/28/16 14:03,107
4/28/16 14:10,244
4/28/16 14:10,361
4/28/16 14:12,360
4/28/16 14:24,628
4/28/16 14:24,362
4/28/16 14:35,208
4/28/16 15:02,199
4/28/16 15:06,58
4/28/16 15:09,520
4/28/16 15:16,1079
4/28/16 15:19,102
4/28/16 15:19,230
4/28/16 16:43,730
4/29/16 11:53,63
4/29/16 13:16,1169
4/29/16 13:24,1029
4/29/16 13:59,407
5/2/16 11:39,1079
5/2/16 11:50,1031
5/2/16 12:03,754
5/2/16 12:07,176
5/2/16 12:16,662
5/2/16 12:18,599
5/2/16 12:27,1202
5/2/16 12:38,152
5/2/16 12:49,155
5/2/16 12:52,61
5/2/16 12:57,442
5/2/16 13:00,1086
5/2/16 14:27,236
5/2/16 14:41,55
5/2/16 14:45,896
5/2/16 15:01,167
5/2/16 15:49,1201
5/2/16 15:59,692
5/2/16 16:02,229
5/2/16 16:03,230
3/1/16 10:01,1026
3/1/16 10:12,662
3/1/16 10:37,176
3/1/16 10:50,620
3/1/16 11:00,231
3/1/16 11:01,196
3/1/16 11:06,503
3/1/16 12:12,58
3/1/16 12:26,76
3/1/16 12:34,188
3/1/16 12:47,165
3/1/16 12:49,113
3/1/16 13:51,542
3/1/16 14:12,1071
3/1/16 14:30,145
3/1/16 14:37,595
3/1/16 14:50,208
3/2/16 10:10,1156
3/2/16 10:12,239
3/2/16 10:13,1179
3/2/16 10:17,107
3/2/16 11:15,214
3/2/16 11:15,177
3/2/16 12:12,969
3/2/16 12:15,415
3/2/16 12:18,423
3/2/16 12:20,249
3/2/16 12:42,1091
3/2/16 12:43,859
3/2/16 12:45,1025
3/2/16 12:52,763
3/2/16 12:52,297
3/2/16 13:15,262
3/2/16 13:16,942
3/2/16 13:20,226
3/3/16 12:26,626
3/2/16 14:16,151
3/2/16 14:16,986
3/2/16 14:17,1185
3/2/16 14:38,97
3/2/16 14:39,276
3/2/16 14:40,541
3/2/16 15:24,480
3/3/16 9:53,1194
3/3/16 12:09,176
3/3/16 12:16,463
3/3/16 12:27,569
3/3/16 12:40,243
3/3/16 13:18,453
3/3/16 13:46,97
3/3/16 14:10,133
3/3/16 14:13,1073
3/3/16 14:17,360
3/3/16 14:17,354
3/3/16 15:22,823
3/3/16 15:22,605
3/3/16 16:43,647
3/3/16 17:38,1089
3/3/16 17:38,143
3/4/16 13:28,78
3/4/16 13:35,1164
3/4/16 14:29,802
3/4/16 14:56,1193
3/4/16 14:58,138
3/4/16 15:06,709
3/7/16 9:38,508
3/7/16 10:17,1037
3/7/16 11:14,695
3/7/16 11:19,620
3/7/16 11:35,607
3/7/16 13:14,1021
3/7/16 13:30,260
3/7/16 13:47,1160
3/7/16 14:34,798
3/7/16 14:38,985
3/7/16 14:40,585
3/7/16 14:45,68
3/7/16 15:04,544
3/7/16 15:08,766
3/7/16 15:21,758
3/8/16 10:10,536
3/8/16 10:16,174
3/8/16 11:24,86
3/8/16 11:34,697
3/8/16 11:34,785
3/8/16 11:39,408
3/8/16 12:08,799
3/8/16 12:12,1134
3/8/16 12:20,530
3/8/16 12:45,123
3/8/16 12:53,1072
3/8/16 14:04,220
3/8/16 14:09,369
3/8/16 14:13,340
3/8/16 15:16,356
3/9/16 9:42,1215
3/9/16 9:59,179
3/9/16 10:14,167
3/9/16 10:29,628
3/9/16 11:19,718
3/9/16 11:21,178
3/9/16 11:23,495
3/9/16 11:54,242
3/9/16 11:58,546
3/9/16 11:58,115
3/9/16 12:05,157
3/9/16 12:05,231
3/9/16 12:13,996
3/9/16 12:13,885
3/9/16 12:14,1086
3/9/16 12:21,800
3/9/16 12:27,1093
3/9/16 12:49,674
3/9/16 12:54,337
3/9/16 13:18,833
3/9/16 14:12,766
3/9/16 14:17,106
3/9/16 14:56,366
3/9/16 15:11,270
3/10/16 9:42,568
3/10/16 10:30,271
3/10/16 10:43,484
3/10/16 11:08,1147
3/10/16 11:15,679
3/10/16 11:43,605
3/10/16 12:01,442
3/10/16 12:02,1147
3/10/16 12:20,191
3/10/16 12:23,390
3/10/16 12:41,569
3/10/16 12:51,1164
3/10/16 13:12,269
3/10/16 13:28,1192
3/10/16 13:29,282
3/10/16 14:17,560
3/10/16 14:41,1221
3/10/16 15:03,1168
3/11/16,795
3/11/16,544
3/11/16,1125
3/11/16,411
,1031
3/14/16 10:35,535
3/14/16 11:21,773
3/14/16 11:30,402
3/14/16 12:07,930
3/14/16 12:07,1102
3/14/16 12:16,403
3/14/16 13:20,996
3/14/16 14:06,68
3/14/16 14:18,638
3/14/16 14:19,42
3/14/16 14:22,636
3/14/16 14:23,760
3/14/16 14:37,585
3/14/16 14:38,725
3/14/16 14:41,80
3/14/16 14:58,550
3/15/16 10:12,205
3/15/16 10:16,220
3/15/16 11:08,559
3/15/16 11:13,766
3/15/16 11:33,503
3/15/16 12:44,438
3/15/16 12:49,811
3/15/16 13:23,78
3/15/16 15:06,78
3/15/16 15:06,13
3/15/16 15:09,612
3/15/16 15:10,782
3/15/16 15:14,249
3/15/16 15:23,266
3/15/16 15:32,502
3/15/16 15:44,426
3/16/16 10:11,167
3/16/16 10:19,236
3/16/16 10:29,777
3/16/16 10:33,54
3/16/16 10:58,488
3/16/16 11:08,480
3/16/16 11:12,811
3/16/16 12:04,643
3/16/16 12:15,546
3/16/16 12:16,1199
3/16/16 12:16,260
3/16/16 12:17,221
3/16/16 12:17,136
3/16/16 12:50,628
3/16/16 13:34,525
3/16/16 13:34,352
3/16/16 13:41,107
3/16/16 13:49,334
3/16/16 13:53,463
3/16/16 14:11,348
3/16/16 14:13,1193
3/16/16 14:14,208
3/16/16 14:24,517
3/16/16 14:25,449
3/16/16 14:27,751
3/16/16 14:49,929
3/16/16 15:03,127
3/16/16 15:05,464
3/16/16 15:10,450
3/16/16 15:09,94
3/16/16 15:10,431
3/16/16 15:11,569
3/16/16 15:11,644
3/16/16 15:16,1123
3/16/16 15:21,403
3/17/16 9:34,357
3/17/16 9:51,482
3/17/16 10:03,559
3/17/16 10:41,1011
3/17/16 11:34,1039
3/17/16 11:41,588
3/17/16 11:41,834
3/17/16 12:01,105
3/17/16 12:05,421
3/17/16 12:07,573
3/17/16 12:12,1147
3/17/16 12:12,504
3/17/16 12:17,523
3/17/16 12:20,402
3/17/16 12:23,662
3/17/16 12:40,1085
3/17/16 12:50,113
3/17/16 13:05,980
3/17/16 13:22,980
3/17/16 13:22,10
3/17/16 13:26,1216
3/17/16 13:36,356
3/17/16 13:40,803
3/17/16 13:47,646
3/17/16 14:22,519
3/17/16 14:37,58
3/17/16 14:37,430
3/17/16 14:55,738
3/18/16 11:44,655
3/21/16 14:12,1164
3/21/16 13:43,790
3/21/16 13:43,27
3/21/16 14:20,822
3/21/16 14:21,822
3/21/16 14:21,1
3/21/16 14:21,822
3/21/16 14:21,19
3/21/16 14:22,822
3/21/16 14:22,2
3/21/16 14:22,59
3/21/16 14:22,59
3/21/16 14:22,20
3/22/16 14:09,612
3/22/16 15:31,1201
3/22/16 15:51,1158
3/22/16 15:53,242
3/22/16 15:53,364
,364
,#N/A
3/28/16 10:09,688
3/28/16 10:24,171
3/28/16 11:10,588
3/28/16 11:16,1215
3/28/16 11:21,442
3/28/16 11:57,607
3/28/16 12:05,174
3/28/16 12:14,503
3/28/16 12:24,833
3/28/16 12:58,530
3/28/16 12:59,766
3/28/16 13:20,786
3/28/16 13:30,562
3/28/16 13:35,560
3/28/16 13:39,1179
3/28/16 14:17,457
3/28/16 14:21,721
3/28/16 14:42,454
3/28/16 14:47,773
3/28/16 14:47,626
3/28/16 15:03,275
3/28/16 15:04,812
3/28/16 15:08,812
3/28/16 15:08,1237
3/28/16 15:10,313
3/28/16 15:12,795
3/28/16 15:21,451
,451
,#N/A
3/29/16 10:15,662
3/29/16 10:39,458
3/29/16 11:12,672
3/29/16 11:12,798
3/29/16 11:32,798
3/29/16 11:32,1604
3/29/16 12:02,76
3/29/16 12:04,969
3/29/16 12:39,595
3/29/16 12:43,80
3/29/16 12:53,359
3/29/16 13:33,421
3/29/16 13:34,1206
3/29/16 13:44,1061
3/29/16 14:14,1073
3/29/16 14:15,484
3/29/16 14:17,484
3/29/16 14:17,405
3/29/16 14:17,150
3/29/16 14:25,473
3/29/16 15:03,464
3/29/16 15:05,734
3/29/16 15:05,544
3/29/16 15:19,78
3/30/16 10:03,823
3/30/16 10:03,605
3/30/16 10:19,523
3/30/16 11:20,401
3/30/16 12:10,1192
3/30/16 12:13,54
3/30/16 12:14,1086
3/30/16 12:32,646
3/30/16 12:53,347
3/30/16 13:07,107
3/30/16 13:09,249
3/30/16 13:13,37
3/30/16 13:20,262
3/30/16 13:26,262
3/30/16 13:26,8
3/30/16 13:32,42
3/30/16 13:32,103
3/30/16 13:40,1172
3/30/16 13:41,1172
3/30/16 13:43,936
3/30/16 13:44,905
3/30/16 13:59,529
3/30/16 14:01,1199
3/30/16 14:05,987
3/30/16 14:10,1085
3/30/16 14:19,1025
3/30/16 14:29,700
3/30/16 14:29,407
3/30/16 14:29,495
3/30/16 14:36,1011
3/30/16 14:37,1182
3/30/16 14:37,764
3/30/16 14:38,810
3/30/16 15:10,46
3/30/16 15:10,45
3/30/16 15:11,1123
3/30/16 15:12,135
3/30/16 15:17,1164
3/30/16 15:17,1169
3/30/16 15:18,1102
3/30/16 15:22,777
3/30/16 15:28,351
3/30/16 15:32,351
3/31/16 8:52,1221
3/31/16 10:02,86
3/31/16 10:41,903
3/31/16 10:41,460
3/31/16 10:42,458
3/31/16 10:43,1222
3/31/16 10:52,107
3/31/16 10:53,1147
3/31/16 11:13,1194
3/31/16 11:20,811
3/31/16 11:27,559
3/31/16 11:35,785
3/31/16 11:35,697
3/31/16 12:01,75
3/31/16 12:02,888
3/31/16 12:02,1050
3/31/16 12:04,105
3/31/16 12:28,96
3/31/16 12:31,562
3/31/16 12:38,261
3/31/16 12:38,252
3/31/16 12:41,113
3/31/16 12:41,1038
3/31/16 12:44,544
3/31/16 12:44,154
3/31/16 12:44,182
3/31/16 12:45,657
3/31/16 12:48,841
3/31/16 12:55,802
3/31/16 13:03,466
3/31/16 13:06,646
3/31/16 13:09,552
3/31/16 13:17,543
3/31/16 13:18,426
3/31/16 13:21,728
3/31/16 13:37,133
3/31/16 13:52,786
3/31/16 14:00,328
3/31/16 14:13,214
3/31/16 14:14,1002
3/31/16 14:16,1002
3/31/16 14:16,#N/A
3/31/16 14:26,430
3/31/16 14:33,507
3/31/16 14:41,412
3/31/16 14:58,588
3/31/16 15:15,612
3/31/16 15:27,733
4/4/16 9:41,176
4/4/16 10:19,115
4/4/16 10:22,1031
4/4/16 10:39,302
4/4/16 11:11,587
4/4/16 11:19,124
4/4/16 11:25,909
4/4/16 11:49,75
4/4/16 12:07,551
4/4/16 12:10,1192
2/2/201612:43 PM,385
2/2/16 13:35,385
2/2/16 13:35,1547
2/2/16 13:40,220
2/3/16 9:37 AM,595
2/3/16 9:37,271
2/3/2016 9:44 AM,632
2/3/201610:15 AM,539
2/3/201610:15 AM,727
2/3/201610:39 AM,1224
2/3/201610:40 AM,176
2/3/201611:32 AM,464
2/3/201611:38 AM,99
2/3/201611:38 AM,603
2/3/201611:58 AM,753
2/3/2016.1:18 PM,366
2/3/2016.1:21 PM,458
2/3/16 10:44,655
2/3/16 10:44,1037
2/3/16 10:44,855
2/3/16 10:54,75
2/4/16,695
2/4/16,1206
,552
2/5/2016.1:29 am,648
2/8/16 9:27 AM,1125
2/8/16 9:38 AM,86
2/8/16 10:13,115
2/8/16 11:13,1182
2/8/16 11:23,91
2/8/16 11:23,106
2/8/16 11:56,921
2/8/16 12:04,987
2/8/16 12:28 PM,337
2/8/16 12:40,864
2/8/16 12:40,996
2/8/16 12:57,190
2/8/16 1:01,1021
2/8/16 1:06,1064
2/8/16 1:13,68
2/8/16 1:18,670
2/8/16 1:33,55
2/8/16 2:11,176
2/8/16 2:16,636
2/8/16 2:18,725
2/8/16,942
2/8/16 2:38,205
2/8/16 2:52,78
2/8/16 3:21,936
2/9/16 10:13,241
2/9/16 10:31,163
2/9/16 10:36,387
2/9/16 10:59,243
2/9/16 10:59,243
2/9/16 11:08,558
2/9/16 11:11,1034
2/9/16 11:14,693
2/9/16 11:17,620
2/9/16 12:04,535
2/9/16 12:13,621
2/9/16 12:26,629
2/9/16 12:27,175
2/9/16 12:31,113
2/9/16 12:35,276
2/9/16 13:09,330
2/9/16 14:24,489
2/9/16 14:32,463
2/9/16 15:07,1147
2/10/16 12:16,928
2/10/16 12:37,407
2/10/16 12:37,495
2/10/16 12:40,167
2/10/16 12:45,733
2/10/16 12:50,500
2/10/16 13:13,560
2/10/16 13:13,1201
2/10/16 13:23,626
2/10/16 13:27,480
2/10/16 13:38,802
2/10/16 14:19,1169
2/10/16 14:27,1080
2/10/16 15:07,431
2/10/16 15:13,270
2/11/16 12:15,270
2/11/16 12:15,#N/A
2/11/16 12:22,270
2/11/16 12:22,#N/A
2/11/16 12:22,270
2/11/16 12:22,#N/A
2/11/16 9:45,270
2/11/16 9:45,#N/A
2/11/16 12:42,569
2/11/16 12:49,544
2/11/16 12:49,466
2/11/16 12:55,962
2/11/16 12:55,1012
2/11/16 12:55,1163
2/11/16 12:55,1121
2/11/16 12:55,164
2/11/16,798
2/11/16 1:57,97
2/11/16 2:03,113
2/11/16 2:13,293
2/11/16 2:41,133
2/11/16 3:25,612
2/12/16,1031
12-Feb,1127
2/12/16,793
2/12/16,322
2/12/16,321
2/12/16,257
2/12/16,63
2/12/16,123
2/16/16 11:14,1147
2/16/16 11:24,503
2/16/16 11:40,125
2/16/16 11:58,61
2/16/16 12:15,285
2/16/16 12:22,811
2/16/16 12:22,799
2/16/16 12:38,191
2/16/16 12:44,452
2/16/16 13:06,585
2/16/16 13:16,1091
2/16/16 13:47,431
2/16/16 13:51,447
2/16/16 13:52,203
2/16/16 14:04,76
2/16/16 14:10,432
2/16/16 14:18,886
2/16/16 14:20,251
2/16/16 14:57,662
2/16/16 15:07,734
2/16/16,544
2/16/16 15:09,569
2/16/16 15:13,608
2/16/16 15:29,688
2/16/16 15:33,143
2/17/201610:11 AM,166
2/17/201610:14 AM,903
2/17/201611:21 AM,401
2/17/201611:54 AM,841
2/17/201612:15 PM,556
2/17/16 12:37,54
2/17/16 12:42,945
2/17/16 13:01,1179
2/17/16 13:09,42
2/17/16 13:25,560
2/17/16 14:07,673
2/17/16 14:07,1193
2/18/16 12:55,896
2/18/16 12:55,889
2/18/16 1:36,1216
2/18/16 1:40,1158
2/18/2016 2:12:00,86
2/18/16 2:13,499
2/18/16 2:14,1073
2/18/16 2:19,187
2/18/16 2:19,541
2/18/16 2:23,484
2/18/16 2:31,271
2/18/16 2:53,1071
2/19/16 0:00,437
2/19/16,1188
2/19/16,334
2/19/16,913
2/19/16 14:29,530
2/19/16 14:39,278
2/19/20163:28 PM,774
2/22/16 9:33,1034
2/22/16 9:47,86
2/22/16 10:04,86
2/22/16 10:04,189
2/22/16 10:13,1179
2/22/16 10:13,437
2/22/16 10:13,239
2/22/16 10:27,863
2/22/16 10:37,463
2/22/16 11:00,791
2/22/16 11:11,833
2/22/16 11:11,833
2/22/16 11:11,30
2/22/16 11:45,75
2/22/16 11:57,1038
2/22/16 12:00,550
2/22/16 12:00,773
2/22/16 12:14,364
2/22/16 12:14,242
2/22/16 12:17,260
2/22/16 12:29,285
2/22/16 12:37,760
2/22/16 12:41,286
2/22/16 12:52,174
2/22/16 1:41,241
2/22/16 1:43,955
2/22/16 2:14,151
2/22/16 2:32,457
2/22/16 2:34,326
2/22/16 2:49,133
2/23/16 14:23,432
2/23/16,683
2/23/16,528
2/23/16,527
2/24/201610:22 AM,107
2/24/16 10:22,1194
2/24/201610:58 AM,179
2/24/201610:58 AM,310
2/24/201611:41 AM,135
2/24/201611:44 AM,218
2/24/201612:04 PM,929
2/24/201612:04 PM,384
2/24/16 12:10,266
2/24/16 12:11,1162
2/24/16 12:17,54
2/24/16 12:27,167
2/24/16 12:55,412
2/24/16 12:56,458
2/24/16 13:03,813
2/24/16 13:10,568
2/24/16 13:38,42
2/24/16 13:38,587
2/24/16 13:38,366
2/24/16 13:56,208
2/24/16 14:05,620
2/24/16 14:09,438
2/24/16 14:14,1025
2/24/16 14:41,1168
2/24/16 14:44,249
2/24/16 15:01,530
2/24/16 15:08,523
2/24/16 15:09,158
2/24/16 15:18,1123
2/24/16 15:23,864
2/24/16 15:23,996
2/24/16 15:23,1141
2/24/16 15:23,885
2/25/16 9:14,1205
2/25/16 9:20,214
2/25/16 9:20,388
2/25/16 10:00,1207
2/25/16 10:01,125
2/25/16 11:24,646
2/25/16 11:24,107
2/25/16 11:42,75
2/25/16 12:11,442
2/25/16 12:17,1194
2/25/16 12:23,811
2/25/16 12:23,595
2/25/16 1:03,313
2/25/16 1:24,235
2/25/16 1:28,562
2/25/16 1:38,803
2/25/16 1:51,97
2/25/16 2:00,269
2/25/16 2:06,293
2/25/16 2:17,244
2/25/16 2:17,361
2/25/16 3:24,612
2/26/16,855
2/26/16,1206
2/26/16,1130
2/26/16,961
2/26/16,968
2/26/16,603
2/29/16 10:03,57
2/29/16 10:07,188
2/29/16 10:10,1164
2/29/16 10:21,58
2/29/16 10:54,507
2/29/16 11:12,56
2/29/16 11:13,171
2/29/16 11:13,828
2/29/16 11:28,96
2/29/16 11:44,497
2/29/16 11:47,588
2/29/16 11:53,679
2/29/16 12:07,921
2/29/16 12:11,129
2/29/16 12:13,842
2/29/16 12:13,930
2/29/16 12:19,969
2/29/16 12:21,390
2/29/16 12:28,833
2/29/16 12:30,267
2/29/16 12:41,945
2/29/16 1:03,1038
2/29/16 1:08,483
2/29/16 1:09,245
2/29/16 1:16,1169
2/29/16 1:21,1172
2/29/16 1:48,786
2/29/16 1:52,786
2/29/16 2:04,67
2/29/16 2:06,507
2/29/16 2:06,457
2/29/16 2:22,61
2/29/16 2:24,208
2/29/16 2:27,1029
2/29/16 2:31,341
2/29/16 2:47,86
2/29/16 3:15,296
2/29/16 3:15,265
2/29/16 3:25,57
12:31.1.4.2016,601
2:01.1.4.2016,601
2:01.1.4.2016,1535
3:12.1.4.2016,814
3.22.1.4.2016,77
3.24.1.4.2016,559
4:08.1.5.2016,1185
4:09.1.5.2016,1093
11:30.1.7.2016,1207
2:08.1.7.2016,419
2:47.1.7.2016,1205
2:50.1.7.2016,404
12:13.1.11.2016,569
12:25.1.11.2016,788
12:38.1.11.2016,52
12:40.1.11.2016,454
12:43.1.11.2016,786
12:30.1.12.2016,454
12:39.1.12.2016,1027
12:52.1.12.2016,226
12:52.1.12.2016,176
1:00.1.12.2016,37
1:21.1.12.2016,340
1.30.1.12.2016,622
1.40.1.12.2016,1025
,179
1/13/16 0:00,1123
1/13/16 0:00,942
1/13/16 0:00,460
1/14/16 10:45,460
1/14/16 10:45,441
1/14/16 10:56,751
1/14/16 10:59,1201
1/15/16 10:45,828
1/15/16 11:21,245
1/15/16 11:39,1071
1/15/16 11:39,1073
1/15/16 11:58,795
1/19/16 2:24,1031
1/19/16 2:28,107
1/19/16 2:30,741
1/19/16 2:34,556
1/19/16 2:38,86
1/19/16 3:00,786
1/19/16 3:08,1068
1/19/16 3:08,390
1/19/16 3:08,113
1/19/16 3:23,1179
1/21/16 0:00,814
1/21/16 0:00,475
1/22/16 0:00,814
1/22/16 0:00,814
1/22/16 0:00,1073
1/22/16 0:00,48
1/22/16 0:00,1171
1/22/16 0:00,34
1/22/16 0:00,1209
1/22/16 0:00,47
1/22/16 0:00,448
1/22/16 0:00,1225
1/22/16 0:00,109
1/22/16 0:00,43
1/22/16 0:00,1090
,1082
1/26/16,1216
1/26/16 9:11,1159
,961
1/26/16 9:58,650
1/26/16 10:01,442
1/26/16 10:06,86
1/26/16 11:09,432
1/26/16 12:05,174
1/26/16 12:17,44
1/26/16 12:17,503
1/26/16 12:24,1134
1/26/16 12:44,123
1/26/16 12:48,402
1/26/16 12:49,535
1/26/16 13:19,643
1/26/16 13:20,660
1/26/16 13:20,701
1/26/16 13:21,143
1/26/16 13:43,573
1/26/16 13:47,208
1/26/16 13:59,889
1/27/201612:05 PM,231
1/27/201612:15 PM,490
1/27/201612:15 PM,548
,568
1/29/16 9:50 AM,413
1/29/16 10:20 AM,569
1/29/16 10:25 AM,197
1/29/16 10:40 AM,176
1/29/16 11:09 AM,559
1/29/16 11:15 AM,751
1/29/16 11:15 AM,828
1/29/16 11:17 AM,286
1/29/16 11:22 AM,495
1/29/16 11:22 AM,407
1/29/16 11:30 AM,1071
1/29/16 11:30 AM,1073
1/29/16 11:39 AM,390
1/29/16 11:44 AM,811
1/29/16 11:44 AM,242
1/29/16 11:44 AM,364
1/29/16 11:57 AM,718
1/29/16 11:57 AM,178
1/29/16 11:59 AM,921
1/29/16,107
1/29/16,855
1/29/16,33
1/29/16,93
,304
,1172
12:24 PM12:24 PM,811
